node_name,confidence,entry_timestamp,entry_price,exit_timestamp,exit_price,exit_reason,position_size,stop_loss,take_profit,pnl_points,pnl_percent,duration_held,trigger_reason,tags,workflow_matches,status
Fusion Node—Liquidity + Gamma + Time,Highest,2024-08-02 09:30:00,4100.099342830602,2024-08-02 09:40:00,4101.857935508017,TIMEOUT,1.7999999999999998,4060.738389139428,4339.955154386192,3.165466819347784,0.07720463712380267,20,4/4 conditions met: Key time window (hour: 9.5); Gamma/OI detected (669); Key time window (hour: 9.5),"Fusion, Gamma, Liquidity, Time, Confluence",4,CLOSED_TIMEOUT
Gamma Pin / Dealer Magnet Edge,High (with data),2024-08-02 09:30:00,4100.099342830602,2024-08-02 09:40:00,4101.857935508017,TIMEOUT,1.44,4050.8981507166345,4235.402621144011,2.532373455478228,0.061763709699042144,20,4/4 conditions met: Gamma/OI detected (669); Gamma/OI detected (669); Gamma/OI detected (669),"Gamma, OI, Pin, Dealer, Expiry",4,CLOSED_TIMEOUT
Fusion Node—Liquidity + Gamma + Time,Highest,2024-08-02 09:30:30,4100.071689970368,2024-08-02 09:40:00,4101.857935508017,TIMEOUT,1.7999999999999998,4060.7110017466525,4339.9258838336345,3.2152419677680877,0.07841916461200522,20,4/4 conditions met: Key time window (hour: 9.5); Gamma/OI detected (54); Key time window (hour: 9.5),"Fusion, Gamma, Liquidity, Time, Confluence",4,CLOSED_TIMEOUT
Gamma Pin / Dealer Magnet Edge,High (with data),2024-08-02 09:30:30,4100.071689970368,2024-08-02 09:40:00,4101.857935508017,TIMEOUT,1.44,4050.870829690724,4235.37405573939,2.5721935742144706,0.0627353316896042,20,4/4 conditions met: Gamma/OI detected (54); Gamma/OI detected (54); Gamma/OI detected (54),"Gamma, OI, Pin, Dealer, Expiry",4,CLOSED_TIMEOUT
Fusion Node—Liquidity + Gamma + Time,Highest,2024-08-02 09:31:00,4100.201227677988,2024-08-02 09:40:00,4101.857935508017,TIMEOUT,1.7999999999999998,4060.839295892279,4340.0629994971505,2.982074094053132,0.07272994490911681,20,4/4 conditions met: Key time window (hour: 9.516666666666667); Gamma/OI detected (152); Key time window (hour: 9.516666666666667),"Fusion, Gamma, Liquidity, Time, Confluence",4,CLOSED_TIMEOUT
Gamma Pin / Dealer Magnet Edge,High (with data),2024-08-02 09:31:00,4100.201227677988,2024-08-02 09:40:00,4101.857935508017,TIMEOUT,1.44,4050.998812945852,4235.507868191361,2.3856592752425057,0.05818395592729345,20,4/4 conditions met: Gamma/OI detected (152); Gamma/OI detected (152); Gamma/OI detected (152),"Gamma, OI, Pin, Dealer, Expiry",4,CLOSED_TIMEOUT
Fusion Node—Liquidity + Gamma + Time,Highest,2024-08-02 09:31:30,4100.505833649269,2024-08-02 09:40:00,4101.857935508017,TIMEOUT,1.7999999999999998,4061.140977646236,4340.385424917751,2.433783345746451,0.059353246757376056,20,4/4 conditions met: Key time window (hour: 9.516666666666667); Gamma/OI detected (245); Key time window (hour: 9.516666666666667),"Fusion, Gamma, Liquidity, Time, Confluence",4,CLOSED_TIMEOUT
Gamma Pin / Dealer Magnet Edge,High (with data),2024-08-02 09:31:30,4100.505833649269,2024-08-02 09:40:00,4101.857935508017,TIMEOUT,1.44,4051.299763645478,4235.8225261596945,1.9470266765971609,0.04748259740590085,20,4/4 conditions met: Gamma/OI detected (245); Gamma/OI detected (245); Gamma/OI detected (245),"Gamma, OI, Pin, Dealer, Expiry",4,CLOSED_TIMEOUT
Block Order Footprint Detection,High,2024-08-02 09:32:00,4100.459002974325,2024-08-02 09:40:00,4101.857935508017,TIMEOUT,1.2,4051.253494938633,4223.472773063555,1.6787190404309513,0.04093978355138459,20,"3/4 conditions met: Volume/footprint activity (spike: False, clusters: 2); Gamma/OI detected (399); Liquidity conditions met (proxy: 1410)","Block, Footprint, Breakout, Absorption",3,CLOSED_TIMEOUT
Fusion Node—Liquidity + Gamma + Time,Highest,2024-08-02 09:32:00,4100.459002974325,2024-08-02 09:40:00,4101.857935508017,TIMEOUT,1.7999999999999998,4061.0945965457713,4340.335854648323,2.5180785606464267,0.06140967532707688,20,4/4 conditions met: Key time window (hour: 9.533333333333333); Gamma/OI detected (399); Key time window (hour: 9.533333333333333),"Fusion, Gamma, Liquidity, Time, Confluence",4,CLOSED_TIMEOUT
Gamma Pin / Dealer Magnet Edge,High (with data),2024-08-02 09:32:00,4100.459002974325,2024-08-02 09:40:00,4101.857935508017,TIMEOUT,1.44,4051.253494938633,4235.774150072477,2.0144628485171414,0.04912774026166151,20,4/4 conditions met: Gamma/OI detected (399); Gamma/OI detected (399); Gamma/OI detected (399),"Gamma, OI, Pin, Dealer, Expiry",4,CLOSED_TIMEOUT
Fusion Node—Liquidity + Gamma + Time,Highest,2024-08-02 09:32:30,4100.412175582936,2024-08-02 09:40:00,4101.857935508017,TIMEOUT,1.7999999999999998,4061.048218697339,4340.2862878545375,2.6023678651472433,0.06346600667717696,20,4/4 conditions met: Key time window (hour: 9.533333333333333); Gamma/OI detected (96); Key time window (hour: 9.533333333333333),"Fusion, Gamma, Liquidity, Time, Confluence",4,CLOSED_TIMEOUT
Gamma Pin / Dealer Magnet Edge,High (with data),2024-08-02 09:32:30,4100.412175582936,2024-08-02 09:40:00,4101.857935508017,TIMEOUT,1.44,4051.2072294759405,4235.725777377172,2.081894292117795,0.050772805341741584,20,4/4 conditions met: Gamma/OI detected (96); Gamma/OI detected (96); Gamma/OI detected (96),"Gamma, OI, Pin, Dealer, Expiry",4,CLOSED_TIMEOUT
Fusion Node—Liquidity + Gamma + Time,Highest,2024-08-02 09:33:00,4100.728018146036,2024-08-02 09:40:00,4101.857935508017,TIMEOUT,1.7999999999999998,4061.361029171834,4340.620607207579,2.0338512515656473,0.0495973213186951,20,4/4 conditions met: Key time window (hour: 9.55); Gamma/OI detected (705); Key time window (hour: 9.55),"Fusion, Gamma, Liquidity, Time, Confluence",4,CLOSED_TIMEOUT
Gamma Pin / Dealer Magnet Edge,High (with data),2024-08-02 09:33:00,4100.728018146036,2024-08-02 09:40:00,4101.857935508017,TIMEOUT,1.44,4051.519281928284,4236.0520427448555,1.6270810012525179,0.03967785705495608,20,4/4 conditions met: Gamma/OI detected (705); Gamma/OI detected (705); Gamma/OI detected (705),"Gamma, OI, Pin, Dealer, Expiry",4,CLOSED_TIMEOUT
Fusion Node—Liquidity + Gamma + Time,Highest,2024-08-02 09:33:30,4100.881505091867,2024-08-02 09:40:00,4101.857935508017,TIMEOUT,1.7999999999999998,4061.5130426429855,4340.783073139742,1.757574749069863,0.042858462183985736,20,4/4 conditions met: Key time window (hour: 9.55); Gamma/OI detected (318); Key time window (hour: 9.55),"Fusion, Gamma, Liquidity, Time, Confluence",4,CLOSED_TIMEOUT
Gamma Pin / Dealer Magnet Edge,High (with data),2024-08-02 09:33:30,4100.881505091867,2024-08-02 09:40:00,4101.857935508017,TIMEOUT,1.44,4051.670927030765,4236.210594759898,1.4060597992558905,0.03428676974718859,20,4/4 conditions met: Gamma/OI detected (318); Gamma/OI detected (318); Gamma/OI detected (318),"Gamma, OI, Pin, Dealer, Expiry",4,CLOSED_TIMEOUT
Block Order Footprint Detection,High,2024-08-02 09:34:00,4100.78761021468,2024-08-02 09:40:00,4101.857935508017,TIMEOUT,1.2,4051.578158892104,4223.811238521121,1.2843903520046296,0.0313205772667995,20,"3/4 conditions met: Volume/footprint activity (spike: False, clusters: 1); Gamma/OI detected (2500); Liquidity conditions met (proxy: 1829)","Block, Footprint, Breakout, Absorption",3,CLOSED_TIMEOUT
Fusion Node—Liquidity + Gamma + Time,Highest,2024-08-02 09:34:00,4100.78761021468,2024-08-02 09:40:00,4101.857935508017,TIMEOUT,1.7999999999999998,4061.420049156619,4340.683685412239,1.9265855280069444,0.04698086590019925,20,4/4 conditions met: Key time window (hour: 9.566666666666666); Gamma/OI detected (2500); Key time window (hour: 9.566666666666666),"Fusion, Gamma, Liquidity, Time, Confluence",4,CLOSED_TIMEOUT
Gamma Pin / Dealer Magnet Edge,High (with data),2024-08-02 09:34:00,4100.78761021468,2024-08-02 09:40:00,4101.857935508017,TIMEOUT,1.44,4051.578158892104,4236.113601351764,1.5412684224055555,0.0375846927201594,20,4/4 conditions met: Gamma/OI detected (2500); Gamma/OI detected (2500); Gamma/OI detected (2500),"Gamma, OI, Pin, Dealer, Expiry",4,CLOSED_TIMEOUT
Fusion Node—Liquidity + Gamma + Time,Highest,2024-08-02 09:34:30,4100.8961222233975,2024-08-02 09:40:00,4101.857935508017,TIMEOUT,1.7999999999999998,4061.5275194500528,4340.798545373466,1.7312639123158076,0.042216721924113555,20,4/4 conditions met: Key time window (hour: 9.566666666666666); Gamma/OI detected (685); Key time window (hour: 9.566666666666666),"Fusion, Gamma, Liquidity, Time, Confluence",4,CLOSED_TIMEOUT
Gamma Pin / Dealer Magnet Edge,High (with data),2024-08-02 09:34:30,4100.8961222233975,2024-08-02 09:40:00,4101.857935508017,TIMEOUT,1.44,4051.685368756717,4236.225694256769,1.3850111298526462,0.03377337753929085,20,4/4 conditions met: Gamma/OI detected (685); Gamma/OI detected (685); Gamma/OI detected (685),"Gamma, OI, Pin, Dealer, Expiry",4,CLOSED_TIMEOUT
Fusion Node—Liquidity + Gamma + Time,Highest,2024-08-02 09:35:00,4100.803438684835,2024-08-02 09:40:00,4101.857935508017,TIMEOUT,1.7999999999999998,4061.43572567346,4340.7004398478975,1.8980942817284812,0.04628591226350555,20,4/4 conditions met: Key time window (hour: 9.583333333333334); Gamma/OI detected (155); Key time window (hour: 9.583333333333334),"Fusion, Gamma, Liquidity, Time, Confluence",4,CLOSED_TIMEOUT
Gamma Pin / Dealer Magnet Edge,High (with data),2024-08-02 09:35:00,4100.803438684835,2024-08-02 09:40:00,4101.857935508017,TIMEOUT,1.44,4051.5937974206167,4236.129952161434,1.518475425382785,0.03702872981080444,20,4/4 conditions met: Gamma/OI detected (155); Gamma/OI detected (155); Gamma/OI detected (155),"Gamma, OI, Pin, Dealer, Expiry",4,CLOSED_TIMEOUT
Fusion Node—Liquidity + Gamma + Time,Highest,2024-08-02 09:35:30,4100.760292734121,2024-08-02 09:40:00,4101.857935508017,TIMEOUT,1.7999999999999998,4061.3929939238737,4340.6547698590675,1.9757569930128738,0.048180260536408163,20,4/4 conditions met: Key time window (hour: 9.583333333333334); Gamma/OI detected (719); Key time window (hour: 9.583333333333334),"Fusion, Gamma, Liquidity, Time, Confluence",4,CLOSED_TIMEOUT
Gamma Pin / Dealer Magnet Edge,High (with data),2024-08-02 09:35:30,4100.760292734121,2024-08-02 09:40:00,4101.857935508017,TIMEOUT,1.44,4051.5511692213117,4236.085382394347,1.580605594410299,0.03854420842912653,20,4/4 conditions met: Gamma/OI detected (719); Gamma/OI detected (719); Gamma/OI detected (719),"Gamma, OI, Pin, Dealer, Expiry",4,CLOSED_TIMEOUT
Fusion Node—Liquidity + Gamma + Time,Highest,2024-08-02 09:36:00,4100.908685188434,2024-08-02 09:40:00,4101.857935508017,TIMEOUT,1.7999999999999998,4061.539961810625,4340.8118432719575,1.708650575250067,0.041665170000525276,20,4/4 conditions met: Key time window (hour: 9.6); Gamma/OI detected (708); Key time window (hour: 9.6),"Fusion, Gamma, Liquidity, Time, Confluence",4,CLOSED_TIMEOUT
Gamma Pin / Dealer Magnet Edge,High (with data),2024-08-02 09:36:00,4100.908685188434,2024-08-02 09:40:00,4101.857935508017,TIMEOUT,1.44,4051.6977809661726,4236.238671799652,1.3669204602000535,0.03333213600042022,20,4/4 conditions met: Gamma/OI detected (708); Gamma/OI detected (708); Gamma/OI detected (708),"Gamma, OI, Pin, Dealer, Expiry",4,CLOSED_TIMEOUT
Fusion Node—Liquidity + Gamma + Time,Highest,2024-08-02 09:36:30,4100.676029139503,2024-08-02 09:40:00,4101.857935508017,TIMEOUT,1.7999999999999998,4061.309539259764,4340.565576844164,2.1274314633257743,0.05188001803137324,20,4/4 conditions met: Key time window (hour: 9.6); Gamma/OI detected (706); Key time window (hour: 9.6),"Fusion, Gamma, Liquidity, Time, Confluence",4,CLOSED_TIMEOUT
Gamma Pin / Dealer Magnet Edge,High (with data),2024-08-02 09:36:30,4100.676029139503,2024-08-02 09:40:00,4101.857935508017,TIMEOUT,1.44,4051.467916789829,4235.998338101106,1.7019451706606195,0.041504014425098594,20,4/4 conditions met: Gamma/OI detected (706); Gamma/OI detected (706); Gamma/OI detected (706),"Gamma, OI, Pin, Dealer, Expiry",4,CLOSED_TIMEOUT
Block Order Footprint Detection,High,2024-08-02 09:37:00,4100.531045573,2024-08-02 09:40:00,4101.857935508017,TIMEOUT,1.44,4051.3246730261235,4223.54697694019,1.910721506425616,0.04659692818295967,20,"4/4 conditions met: Large print/block detected (size: 0.0, vol: 14398); Volume/footprint activity (spike: False, clusters: 2); Gamma/OI detected (169)","Block, Footprint, Breakout, Absorption",4,CLOSED_TIMEOUT
Fusion Node—Liquidity + Gamma + Time,Highest,2024-08-02 09:37:00,4100.531045573,2024-08-02 09:40:00,4101.857935508017,TIMEOUT,1.7999999999999998,4061.1659475354986,4340.4121117390205,2.38840188303202,0.05824616022869959,20,4/4 conditions met: Key time window (hour: 9.616666666666667); Gamma/OI detected (169); Key time window (hour: 9.616666666666667),"Fusion, Gamma, Liquidity, Time, Confluence",4,CLOSED_TIMEOUT
Dark Pool Signature / Block Print Node,High,2024-08-02 09:37:00,4100.531045573,2024-08-02 09:40:00,4101.857935508017,TIMEOUT,1.2,4051.3246730261235,4223.54697694019,1.5922679220213467,0.038830773485799726,20,"3/4 conditions met: Large print/block detected (size: 0.0, vol: 14398); Volume/footprint activity (spike: False, clusters: 2); Large print/block detected (size: 0.0, vol: 14398)","Dark Pool, Block, VWAP, Tape",3,CLOSED_TIMEOUT
Gamma Pin / Dealer Magnet Edge,High (with data),2024-08-02 09:37:00,4100.531045573,2024-08-02 09:40:00,4101.857935508017,TIMEOUT,1.44,4051.3246730261235,4235.848570076908,1.910721506425616,0.04659692818295967,20,4/4 conditions met: Gamma/OI detected (169); Gamma/OI detected (169); Gamma/OI detected (169),"Gamma, OI, Pin, Dealer, Expiry",4,CLOSED_TIMEOUT
Block Order Footprint Detection,High,2024-08-02 09:37:30,4100.668588067152,2024-08-02 09:40:00,4101.857935508017,TIMEOUT,1.2,4051.4605650103463,4223.688645709167,1.4272169290383316,0.03480449342313346,20,"3/4 conditions met: Large print/block detected (size: 12000.0, vol: 6457); Volume/footprint activity (spike: False, clusters: 1); Gamma/OI detected (653)","Block, Footprint, Breakout, Absorption",3,CLOSED_TIMEOUT
Fusion Node—Liquidity + Gamma + Time,Highest,2024-08-02 09:37:30,4100.668588067152,2024-08-02 09:40:00,4101.857935508017,TIMEOUT,1.7999999999999998,4061.3021696217074,4340.55770046908,2.1408253935574972,0.05220674013470018,20,4/4 conditions met: Key time window (hour: 9.616666666666667); Gamma/OI detected (653); Key time window (hour: 9.616666666666667),"Fusion, Gamma, Liquidity, Time, Confluence",4,CLOSED_TIMEOUT
Dark Pool Signature / Block Print Node,High,2024-08-02 09:37:30,4100.668588067152,2024-08-02 09:40:00,4101.857935508017,TIMEOUT,1.2,4051.4605650103463,4223.688645709167,1.4272169290383316,0.03480449342313346,20,"3/4 conditions met: Large print/block detected (size: 12000.0, vol: 6457); Volume/footprint activity (spike: False, clusters: 1); Large print/block detected (size: 12000.0, vol: 6457)","Dark Pool, Block, VWAP, Tape",3,CLOSED_TIMEOUT
Gamma Pin / Dealer Magnet Edge,High (with data),2024-08-02 09:37:30,4100.668588067152,2024-08-02 09:40:00,4101.857935508017,TIMEOUT,1.44,4051.4605650103463,4235.9906514733675,1.712660314845998,0.04176539210776015,20,4/4 conditions met: Gamma/OI detected (653); Gamma/OI detected (653); Gamma/OI detected (653),"Gamma, OI, Pin, Dealer, Expiry",4,CLOSED_TIMEOUT
Fusion Node—Liquidity + Gamma + Time,Highest,2024-08-02 09:38:00,4100.766021843085,2024-08-02 09:40:00,4101.857935508017,TIMEOUT,1.7999999999999998,4061.398668033391,4340.660834120905,1.965444596878842,0.04792871835188186,20,4/4 conditions met: Key time window (hour: 9.633333333333333); Gamma/OI detected (107); Key time window (hour: 9.633333333333333),"Fusion, Gamma, Liquidity, Time, Confluence",4,CLOSED_TIMEOUT
Gamma Pin / Dealer Magnet Edge,High (with data),2024-08-02 09:38:00,4100.766021843085,2024-08-02 09:40:00,4101.857935508017,TIMEOUT,1.44,4051.5568295809676,4236.091300563906,1.5723556775030738,0.03834297468150549,20,4/4 conditions met: Gamma/OI detected (107); Gamma/OI detected (107); Gamma/OI detected (107),"Gamma, OI, Pin, Dealer, Expiry",4,CLOSED_TIMEOUT
Fusion Node—Liquidity + Gamma + Time,Highest,2024-08-02 09:38:30,4101.178871309604,2024-08-02 09:40:00,4101.857935508017,TIMEOUT,1.7999999999999998,4061.8075541450316,4341.097835281215,1.2223155571442474,0.02980400503121516,20,4/4 conditions met: Key time window (hour: 9.633333333333333); Gamma/OI detected (395); Key time window (hour: 9.633333333333333),"Fusion, Gamma, Liquidity, Time, Confluence",4,CLOSED_TIMEOUT
Gamma Pin / Dealer Magnet Edge,High (with data),2024-08-02 09:38:30,4101.178871309604,2024-08-02 09:40:00,4101.857935508017,TIMEOUT,1.44,4051.9647248538886,4236.5177740628205,0.977852445715398,0.02384320402497213,20,4/4 conditions met: Gamma/OI detected (395); Gamma/OI detected (395); Gamma/OI detected (395),"Gamma, OI, Pin, Dealer, Expiry",4,CLOSED_TIMEOUT
Fusion Node—Liquidity + Gamma + Time,Highest,2024-08-02 09:39:00,4101.3972664944995,2024-08-02 09:40:00,4101.857935508017,TIMEOUT,1.7999999999999998,4062.023852736152,4341.329006584428,0.8292042243321702,0.020217603183826628,20,4/4 conditions met: Key time window (hour: 9.65); Gamma/OI detected (790); Key time window (hour: 9.65),"Fusion, Gamma, Liquidity, Time, Confluence",4,CLOSED_TIMEOUT
Gamma Pin / Dealer Magnet Edge,High (with data),2024-08-02 09:39:00,4101.3972664944995,2024-08-02 09:40:00,4101.857935508017,TIMEOUT,1.44,4052.1804992965654,4236.743376288818,0.6633633794657362,0.016174082547061305,20,4/4 conditions met: Gamma/OI detected (790); Gamma/OI detected (790); Gamma/OI detected (790),"Gamma, OI, Pin, Dealer, Expiry",4,CLOSED_TIMEOUT
Fusion Node—Liquidity + Gamma + Time,Highest,2024-08-02 09:39:30,4101.564805754233,2024-08-02 09:40:00,4101.857935508017,TIMEOUT,1.7999999999999998,4062.1897836189924,4341.506346890856,0.5276335568118156,0.012864201391419671,20,4/4 conditions met: Key time window (hour: 9.65); Gamma/OI detected (523); Key time window (hour: 9.65),"Fusion, Gamma, Liquidity, Time, Confluence",4,CLOSED_TIMEOUT
Gamma Pin / Dealer Magnet Edge,High (with data),2024-08-02 09:39:30,4101.564805754233,2024-08-02 09:40:00,4101.857935508017,TIMEOUT,1.44,4052.3460280851823,4236.916444344122,0.4221068454494525,0.010291361113135737,20,4/4 conditions met: Gamma/OI detected (523); Gamma/OI detected (523); Gamma/OI detected (523),"Gamma, OI, Pin, Dealer, Expiry",4,CLOSED_TIMEOUT
Fusion Node—Liquidity + Gamma + Time,Highest,2024-08-02 09:40:00,4101.857935508017,2024-08-02 09:40:00,4101.857935508017,TIMEOUT,1.5,4062.48009932714,4341.8166247352365,0.0,0.0,20,3/4 conditions met: Key time window (hour: 9.666666666666666); Gamma/OI detected (166); Key time window (hour: 9.666666666666666),"Fusion, Gamma, Liquidity, Time, Confluence",3,CLOSED_TIMEOUT
Gamma Pin / Dealer Magnet Edge,High (with data),2024-08-02 09:40:00,4101.857935508017,2024-08-02 09:40:00,4101.857935508017,TIMEOUT,1.44,4052.635640281921,4237.219247379781,0.0,0.0,20,4/4 conditions met: Gamma/OI detected (166); Gamma/OI detected (166); Gamma/OI detected (166),"Gamma, OI, Pin, Dealer, Expiry",4,CLOSED_TIMEOUT
Fusion Node—Liquidity + Gamma + Time,Highest,2024-08-02 09:40:30,4101.812780247919,2024-08-02 09:40:00,4101.857935508017,TIMEOUT,1.7999999999999998,4062.435377557539,4341.768827892422,0.08127946817639894,0.0019815499275782716,20,4/4 conditions met: Key time window (hour: 9.666666666666666); Gamma/OI detected (176); Key time window (hour: 9.666666666666666),"Fusion, Gamma, Liquidity, Time, Confluence",4,CLOSED_TIMEOUT
Gamma Pin / Dealer Magnet Edge,High (with data),2024-08-02 09:40:30,4101.812780247919,2024-08-02 09:40:00,4101.857935508017,TIMEOUT,1.44,4052.5910268849443,4237.172601996101,0.06502357454111916,0.0015852399420626176,20,4/4 conditions met: Gamma/OI detected (176); Gamma/OI detected (176); Gamma/OI detected (176),"Gamma, OI, Pin, Dealer, Expiry",4,CLOSED_TIMEOUT
Fusion Node—Liquidity + Gamma + Time,Highest,2024-08-02 09:41:00,4101.8262858888575,2024-08-02 09:40:00,4101.857935508017,TIMEOUT,1.7999999999999998,4062.448753544324,4341.783123613355,0.056969314487832885,0.0013888768201573839,20,4/4 conditions met: Key time window (hour: 9.683333333333334); Gamma/OI detected (442); Key time window (hour: 9.683333333333334),"Fusion, Gamma, Liquidity, Time, Confluence",4,CLOSED_TIMEOUT
Gamma Pin / Dealer Magnet Edge,High (with data),2024-08-02 09:41:00,4101.8262858888575,2024-08-02 09:40:00,4101.857935508017,TIMEOUT,1.44,4052.604370458191,4237.186553323189,0.04557545159026631,0.0011111014561259072,20,4/4 conditions met: Gamma/OI detected (442); Gamma/OI detected (442); Gamma/OI detected (442),"Gamma, OI, Pin, Dealer, Expiry",4,CLOSED_TIMEOUT
Fusion Node—Liquidity + Gamma + Time,Highest,2024-08-02 09:41:30,4101.541336251615,2024-08-02 09:40:00,4101.857935508017,TIMEOUT,1.7999999999999998,4062.166539423599,4341.481504422334,0.5698786615248536,0.01389425620285626,20,4/4 conditions met: Key time window (hour: 9.683333333333334); Gamma/OI detected (690); Key time window (hour: 9.683333333333334),"Fusion, Gamma, Liquidity, Time, Confluence",4,CLOSED_TIMEOUT
Gamma Pin / Dealer Magnet Edge,High (with data),2024-08-02 09:41:30,4101.541336251615,2024-08-02 09:40:00,4101.857935508017,TIMEOUT,1.44,4052.322840216595,4236.892200347917,0.4559029292198829,0.01111540496228501,20,4/4 conditions met: Gamma/OI detected (690); Gamma/OI detected (690); Gamma/OI detected (690),"Gamma, OI, Pin, Dealer, Expiry",4,CLOSED_TIMEOUT
Fusion Node—Liquidity + Gamma + Time,Highest,2024-08-02 09:42:00,4101.43245970671,2024-08-02 09:40:00,4101.857935508017,TIMEOUT,1.5,4062.058708093525,4341.366258599553,0.6382137019613765,0.015560751230973937,20,3/4 conditions met: Key time window (hour: 9.7); Gamma/OI detected (107); Key time window (hour: 9.7),"Fusion, Gamma, Liquidity, Time, Confluence",3,CLOSED_TIMEOUT
Gamma Pin / Dealer Magnet Edge,High (with data),2024-08-02 09:42:00,4101.43245970671,2024-08-02 09:40:00,4101.857935508017,TIMEOUT,1.44,4052.215270190229,4236.7797308770305,0.6126851538829214,0.014938321181734979,20,4/4 conditions met: Gamma/OI detected (107); Gamma/OI detected (107); Gamma/OI detected (107),"Gamma, OI, Pin, Dealer, Expiry",4,CLOSED_TIMEOUT
Block Order Footprint Detection,High,2024-08-02 09:42:30,4101.454644224652,2024-08-02 09:40:00,4101.857935508017,TIMEOUT,1.2,4052.237188493956,4224.498283551392,0.4839495400385203,0.011799460972218241,20,"3/4 conditions met: Large print/block detected (size: 8000.0, vol: 6474); Volume/footprint activity (spike: False, clusters: 5); Gamma/OI detected (1800)","Block, Footprint, Breakout, Absorption",3,CLOSED_TIMEOUT
Fusion Node—Liquidity + Gamma + Time,Highest,2024-08-02 09:42:30,4101.454644224652,2024-08-02 09:40:00,4101.857935508017,TIMEOUT,1.7999999999999998,4062.0806796400952,4341.389740911794,0.7259243100577805,0.01769919145832736,20,4/4 conditions met: Key time window (hour: 9.7); Gamma/OI detected (1800); Key time window (hour: 9.7),"Fusion, Gamma, Liquidity, Time, Confluence",4,CLOSED_TIMEOUT
Dark Pool Signature / Block Print Node,High,2024-08-02 09:42:30,4101.454644224652,2024-08-02 09:40:00,4101.857935508017,TIMEOUT,1.2,4052.237188493956,4224.498283551392,0.4839495400385203,0.011799460972218241,20,"3/4 conditions met: Large print/block detected (size: 8000.0, vol: 6474); Volume/footprint activity (spike: False, clusters: 5); Large print/block detected (size: 8000.0, vol: 6474)","Dark Pool, Block, VWAP, Tape",3,CLOSED_TIMEOUT
Gamma Pin / Dealer Magnet Edge,High (with data),2024-08-02 09:42:30,4101.454644224652,2024-08-02 09:40:00,4101.857935508017,TIMEOUT,1.44,4052.237188493956,4236.802647484065,0.5807394480462243,0.014159353166661887,20,4/4 conditions met: Gamma/OI detected (1800); Gamma/OI detected (1800); Gamma/OI detected (1800),"Gamma, OI, Pin, Dealer, Expiry",4,CLOSED_TIMEOUT
Fusion Node—Liquidity + Gamma + Time,Highest,2024-08-02 09:43:00,4101.224445509167,2024-08-02 09:40:00,4101.857935508017,TIMEOUT,1.7999999999999998,4061.8526908322788,4341.146075571453,1.140281997931015,0.027803452678129375,20,4/4 conditions met: Key time window (hour: 9.716666666666667); Gamma/OI detected (562); Key time window (hour: 9.716666666666667),"Fusion, Gamma, Liquidity, Time, Confluence",4,CLOSED_TIMEOUT
Gamma Pin / Dealer Magnet Edge,High (with data),2024-08-02 09:43:00,4101.224445509167,2024-08-02 09:40:00,4101.857935508017,TIMEOUT,1.44,4052.009752163057,4236.564852210969,0.9122255983448121,0.0222427621425035,20,4/4 conditions met: Gamma/OI detected (562); Gamma/OI detected (562); Gamma/OI detected (562),"Gamma, OI, Pin, Dealer, Expiry",4,CLOSED_TIMEOUT
Fusion Node—Liquidity + Gamma + Time,Highest,2024-08-02 09:43:30,4101.299585112836,2024-08-02 09:40:00,4101.857935508017,TIMEOUT,1.7999999999999998,4061.9271090957527,4341.225610841937,1.0050307113260715,0.024505176724328972,20,4/4 conditions met: Key time window (hour: 9.716666666666667); Gamma/OI detected (145); Key time window (hour: 9.716666666666667),"Fusion, Gamma, Liquidity, Time, Confluence",4,CLOSED_TIMEOUT
Gamma Pin / Dealer Magnet Edge,High (with data),2024-08-02 09:43:30,4101.299585112836,2024-08-02 09:40:00,4101.857935508017,TIMEOUT,1.44,4052.083990091482,4236.642471421559,0.8040245690608572,0.019604141379463178,20,4/4 conditions met: Gamma/OI detected (145); Gamma/OI detected (145); Gamma/OI detected (145),"Gamma, OI, Pin, Dealer, Expiry",4,CLOSED_TIMEOUT
Fusion Node—Liquidity + Gamma + Time,Highest,2024-08-02 09:44:00,4101.179457374852,2024-08-02 09:40:00,4101.857935508017,TIMEOUT,1.7999999999999998,4061.8081345840533,4341.098455631281,1.2212606396975387,0.02977827847794943,20,4/4 conditions met: Key time window (hour: 9.733333333333333); Gamma/OI detected (687); Key time window (hour: 9.733333333333333),"Fusion, Gamma, Liquidity, Time, Confluence",4,CLOSED_TIMEOUT
Gamma Pin / Dealer Magnet Edge,High (with data),2024-08-02 09:44:00,4101.179457374852,2024-08-02 09:40:00,4101.857935508017,TIMEOUT,1.44,4051.965303886354,4236.518379468222,0.977008511758031,0.023822622782359547,20,4/4 conditions met: Gamma/OI detected (687); Gamma/OI detected (687); Gamma/OI detected (687),"Gamma, OI, Pin, Dealer, Expiry",4,CLOSED_TIMEOUT
Fusion Node—Liquidity + Gamma + Time,Highest,2024-08-02 09:44:30,4101.121118624894,2024-08-02 09:40:00,4101.857935508017,TIMEOUT,1.7999999999999998,4061.7503558860944,4341.0367040644505,1.3262703896223682,0.03233921533307621,20,4/4 conditions met: Key time window (hour: 9.733333333333333); Gamma/OI detected (167); Key time window (hour: 9.733333333333333),"Fusion, Gamma, Liquidity, Time, Confluence",4,CLOSED_TIMEOUT
Gamma Pin / Dealer Magnet Edge,High (with data),2024-08-02 09:44:30,4101.121118624894,2024-08-02 09:40:00,4101.857935508017,TIMEOUT,1.44,4051.907665201395,4236.458115539515,1.0610163116978946,0.025871372266460968,20,4/4 conditions met: Gamma/OI detected (167); Gamma/OI detected (167); Gamma/OI detected (167),"Gamma, OI, Pin, Dealer, Expiry",4,CLOSED_TIMEOUT
Fusion Node—Liquidity + Gamma + Time,Highest,2024-08-02 09:45:00,4101.000777302448,2024-08-02 09:40:00,4101.857935508017,TIMEOUT,1.7999999999999998,4061.6311698403442,4340.909322774642,1.5428847700246477,0.037622152586850394,20,4/4 conditions met: Key time window (hour: 9.75); Gamma/OI detected (609); Key time window (hour: 9.75),"Fusion, Gamma, Liquidity, Time, Confluence",4,CLOSED_TIMEOUT
Gamma Pin / Dealer Magnet Edge,High (with data),2024-08-02 09:45:00,4101.000777302448,2024-08-02 09:40:00,4101.857935508017,TIMEOUT,1.44,4051.7887679748187,4236.333802953429,1.2343078160197183,0.030097722069480318,20,4/4 conditions met: Gamma/OI detected (609); Gamma/OI detected (609); Gamma/OI detected (609),"Gamma, OI, Pin, Dealer, Expiry",4,CLOSED_TIMEOUT
Fusion Node—Liquidity + Gamma + Time,Highest,2024-08-02 09:45:30,4101.3412329393495,2024-08-02 09:40:00,4101.857935508017,TIMEOUT,1.5,4061.9683571031314,4341.269695066301,0.7750538530017366,0.018897570550262918,20,3/4 conditions met: Key time window (hour: 9.75); Gamma/OI detected (650); Key time window (hour: 9.75),"Fusion, Gamma, Liquidity, Time, Confluence",3,CLOSED_TIMEOUT
Gamma Pin / Dealer Magnet Edge,High (with data),2024-08-02 09:45:30,4101.3412329393495,2024-08-02 09:40:00,4101.857935508017,TIMEOUT,1.44,4052.1251381440775,4236.685493626348,0.7440516988816671,0.0181416677282524,20,4/4 conditions met: Gamma/OI detected (650); Gamma/OI detected (650); Gamma/OI detected (650),"Gamma, OI, Pin, Dealer, Expiry",4,CLOSED_TIMEOUT
Fusion Node—Liquidity + Gamma + Time,Highest,2024-08-02 09:46:00,4101.278533494402,2024-08-02 09:40:00,4101.857935508017,TIMEOUT,1.7999999999999998,4061.9062595728556,4341.2033277038245,1.0429236245077844,0.025429231786878538,20,4/4 conditions met: Key time window (hour: 9.766666666666667); Gamma/OI detected (537); Key time window (hour: 9.766666666666667),"Fusion, Gamma, Liquidity, Time, Confluence",4,CLOSED_TIMEOUT
Gamma Pin / Dealer Magnet Edge,High (with data),2024-08-02 09:46:00,4101.278533494402,2024-08-02 09:40:00,4101.857935508017,TIMEOUT,1.44,4052.063191092469,4236.620725099717,0.8343388996062276,0.020343385429502835,20,4/4 conditions met: Gamma/OI detected (537); Gamma/OI detected (537); Gamma/OI detected (537),"Gamma, OI, Pin, Dealer, Expiry",4,CLOSED_TIMEOUT
Block Order Footprint Detection,High,2024-08-02 09:46:30,4100.976991308611,2024-08-02 09:40:00,4101.857935508017,TIMEOUT,1.44,4051.7652674129076,4224.00630104787,1.2685596471450116,0.030933108130904618,20,"4/4 conditions met: Large print/block detected (size: 0.0, vol: 16270); Volume/footprint activity (spike: True, clusters: 1); Gamma/OI detected (286)","Block, Footprint, Breakout, Absorption",4,CLOSED_TIMEOUT
Fusion Node—Liquidity + Gamma + Time,Highest,2024-08-02 09:46:30,4100.976991308611,2024-08-02 09:40:00,4101.857935508017,TIMEOUT,1.7999999999999998,4061.6076121920482,4340.884145300165,1.5856995589312644,0.038666385163630766,20,4/4 conditions met: Key time window (hour: 9.766666666666667); Gamma/OI detected (286); Key time window (hour: 9.766666666666667),"Fusion, Gamma, Liquidity, Time, Confluence",4,CLOSED_TIMEOUT
Dark Pool Signature / Block Print Node,High,2024-08-02 09:46:30,4100.976991308611,2024-08-02 09:40:00,4101.857935508017,TIMEOUT,1.2,4051.7652674129076,4224.00630104787,1.0571330392875098,0.025777590109087187,20,"3/4 conditions met: Large print/block detected (size: 0.0, vol: 16270); Volume/footprint activity (spike: True, clusters: 1); Large print/block detected (size: 0.0, vol: 16270)","Dark Pool, Block, VWAP, Tape",3,CLOSED_TIMEOUT
Gamma Pin / Dealer Magnet Edge,High (with data),2024-08-02 09:46:30,4100.976991308611,2024-08-02 09:40:00,4101.857935508017,TIMEOUT,1.44,4051.7652674129076,4236.309232021795,1.2685596471450116,0.030933108130904618,20,4/4 conditions met: Gamma/OI detected (286); Gamma/OI detected (286); Gamma/OI detected (286),"Gamma, OI, Pin, Dealer, Expiry",4,CLOSED_TIMEOUT
Fusion Node—Liquidity + Gamma + Time,Highest,2024-08-02 09:47:00,4101.021500291032,2024-08-02 09:40:00,4101.857935508017,TIMEOUT,1.7999999999999998,4061.651693888238,4340.931258058057,1.5055833905740654,0.03671239934897246,20,4/4 conditions met: Key time window (hour: 9.783333333333333); Gamma/OI detected (321); Key time window (hour: 9.783333333333333),"Fusion, Gamma, Liquidity, Time, Confluence",4,CLOSED_TIMEOUT
Gamma Pin / Dealer Magnet Edge,High (with data),2024-08-02 09:47:00,4101.021500291032,2024-08-02 09:40:00,4101.857935508017,TIMEOUT,1.44,4051.8092422875393,4236.355209800636,1.2044667124592523,0.02936991947917797,20,4/4 conditions met: Gamma/OI detected (321); Gamma/OI detected (321); Gamma/OI detected (321),"Gamma, OI, Pin, Dealer, Expiry",4,CLOSED_TIMEOUT
Block Order Footprint Detection,High,2024-08-02 09:47:30,4100.627331561037,2024-08-02 09:40:00,4101.857935508017,TIMEOUT,1.44,4051.4198035823047,4223.646151507868,1.772069683651789,0.043214599629983766,20,"4/4 conditions met: Large print/block detected (size: 0.0, vol: 18000); Volume/footprint activity (spike: True, clusters: 2); Gamma/OI detected (238)","Block, Footprint, Breakout, Absorption",4,CLOSED_TIMEOUT
Fusion Node—Liquidity + Gamma + Time,Highest,2024-08-02 09:47:30,4100.627331561037,2024-08-02 09:40:00,4101.857935508017,TIMEOUT,1.7999999999999998,4061.261309178051,4340.514030457358,2.215087104564736,0.054018249537479704,20,4/4 conditions met: Key time window (hour: 9.783333333333333); Gamma/OI detected (238); Key time window (hour: 9.783333333333333),"Fusion, Gamma, Liquidity, Time, Confluence",4,CLOSED_TIMEOUT
Dark Pool Signature / Block Print Node,High,2024-08-02 09:47:30,4100.627331561037,2024-08-02 09:40:00,4101.857935508017,TIMEOUT,1.2,4051.4198035823047,4223.646151507868,1.4767247363764908,0.0360121663583198,20,"3/4 conditions met: Large print/block detected (size: 0.0, vol: 18000); Volume/footprint activity (spike: True, clusters: 2); Large print/block detected (size: 0.0, vol: 18000)","Dark Pool, Block, VWAP, Tape",3,CLOSED_TIMEOUT
Gamma Pin / Dealer Magnet Edge,High (with data),2024-08-02 09:47:30,4100.627331561037,2024-08-02 09:40:00,4101.857935508017,TIMEOUT,1.44,4051.4198035823047,4235.948033502551,1.772069683651789,0.043214599629983766,20,4/4 conditions met: Gamma/OI detected (238); Gamma/OI detected (238); Gamma/OI detected (238),"Gamma, OI, Pin, Dealer, Expiry",4,CLOSED_TIMEOUT
Fusion Node—Liquidity + Gamma + Time,Highest,2024-08-02 09:48:00,4100.489104280038,2024-08-02 09:40:00,4101.857935508017,TIMEOUT,1.7999999999999998,4061.1244088789495,4340.367716880421,2.463896210362509,0.060087861416110715,20,4/4 conditions met: Key time window (hour: 9.8); Gamma/OI detected (753); Key time window (hour: 9.8),"Fusion, Gamma, Liquidity, Time, Confluence",4,CLOSED_TIMEOUT
Gamma Pin / Dealer Magnet Edge,High (with data),2024-08-02 09:48:00,4100.489104280038,2024-08-02 09:40:00,4101.857935508017,TIMEOUT,1.44,4051.2832350286776,4235.805244721279,1.9711169682900072,0.04807028913288857,20,4/4 conditions met: Gamma/OI detected (753); Gamma/OI detected (753); Gamma/OI detected (753),"Gamma, OI, Pin, Dealer, Expiry",4,CLOSED_TIMEOUT
Fusion Node—Liquidity + Gamma + Time,Highest,2024-08-02 09:48:30,4099.887170255262,2024-08-02 09:40:00,4101.857935508017,TIMEOUT,1.7999999999999998,4060.528253420812,4339.730569715195,3.5473774549589505,0.08652378242736099,20,4/4 conditions met: Key time window (hour: 9.8); Gamma/OI detected (496); Key time window (hour: 9.8),"Fusion, Gamma, Liquidity, Time, Confluence",4,CLOSED_TIMEOUT
Gamma Pin / Dealer Magnet Edge,High (with data),2024-08-02 09:48:30,4099.887170255262,2024-08-02 09:40:00,4101.857935508017,TIMEOUT,1.44,4050.6885242121994,4235.183446873686,2.8379019639671603,0.06921902594188879,20,4/4 conditions met: Gamma/OI detected (496); Gamma/OI detected (496); Gamma/OI detected (496),"Gamma, OI, Pin, Dealer, Expiry",4,CLOSED_TIMEOUT
Fusion Node—Liquidity + Gamma + Time,Highest,2024-08-02 09:49:00,4099.381533045483,2024-08-02 09:40:00,4101.857935508017,TIMEOUT,1.7999999999999998,4060.0274703282457,4339.195352728643,4.457524432562423,0.1087365105353068,20,4/4 conditions met: Key time window (hour: 9.816666666666666); Gamma/OI detected (630); Key time window (hour: 9.816666666666666),"Fusion, Gamma, Liquidity, Time, Confluence",4,CLOSED_TIMEOUT
Gamma Pin / Dealer Magnet Edge,High (with data),2024-08-02 09:49:00,4099.381533045483,2024-08-02 09:40:00,4101.857935508017,TIMEOUT,1.44,4050.188954648937,4234.661123635983,3.566019546049938,0.08698920842824544,20,4/4 conditions met: Gamma/OI detected (630); Gamma/OI detected (630); Gamma/OI detected (630),"Gamma, OI, Pin, Dealer, Expiry",4,CLOSED_TIMEOUT
Fusion Node—Liquidity + Gamma + Time,Highest,2024-08-02 09:49:30,4099.150905292657,2024-08-02 09:40:00,4101.857935508017,TIMEOUT,1.5,4059.799056601847,4338.951233252277,4.060545323040969,0.09905820539073491,20,3/4 conditions met: Key time window (hour: 9.816666666666666); Gamma/OI detected (296); Key time window (hour: 9.816666666666666),"Fusion, Gamma, Liquidity, Time, Confluence",3,CLOSED_TIMEOUT
Gamma Pin / Dealer Magnet Edge,High (with data),2024-08-02 09:49:30,4099.150905292657,2024-08-02 09:40:00,4101.857935508017,TIMEOUT,1.44,4049.961094429145,4234.422885167314,3.8981235101193303,0.09509587717510551,20,4/4 conditions met: Gamma/OI detected (296); Gamma/OI detected (296); Gamma/OI detected (296),"Gamma, OI, Pin, Dealer, Expiry",4,CLOSED_TIMEOUT
Fusion Node—Liquidity + Gamma + Time,Highest,2024-08-02 09:50:00,4099.298598608656,2024-08-02 09:40:00,4101.857935508017,TIMEOUT,1.7999999999999998,4059.9453320620128,4339.107566627263,4.606806418850464,0.11238035746930126,20,4/4 conditions met: Key time window (hour: 9.833333333333334); Gamma/OI detected (125); Key time window (hour: 9.833333333333334),"Fusion, Gamma, Liquidity, Time, Confluence",4,CLOSED_TIMEOUT
Gamma Pin / Dealer Magnet Edge,High (with data),2024-08-02 09:50:00,4099.298598608656,2024-08-02 09:40:00,4101.857935508017,TIMEOUT,1.44,4050.107015425352,4234.575452362741,3.685445135080372,0.089904285975441,20,4/4 conditions met: Gamma/OI detected (125); Gamma/OI detected (125); Gamma/OI detected (125),"Gamma, OI, Pin, Dealer, Expiry",4,CLOSED_TIMEOUT
Fusion Node—Liquidity + Gamma + Time,Highest,2024-08-02 09:50:30,4099.332872264894,2024-08-02 09:40:00,4101.857935508017,TIMEOUT,1.7999999999999998,4059.9792766911505,4339.14384529239,4.545113837622193,0.11087447590249006,20,4/4 conditions met: Key time window (hour: 9.833333333333334); Gamma/OI detected (203); Key time window (hour: 9.833333333333334),"Fusion, Gamma, Liquidity, Time, Confluence",4,CLOSED_TIMEOUT
Gamma Pin / Dealer Magnet Edge,High (with data),2024-08-02 09:50:30,4099.332872264894,2024-08-02 09:40:00,4101.857935508017,TIMEOUT,1.44,4050.1408777977153,4234.610857049635,3.6360910700977547,0.08869958072199205,20,4/4 conditions met: Gamma/OI detected (203); Gamma/OI detected (203); Gamma/OI detected (203),"Gamma, OI, Pin, Dealer, Expiry",4,CLOSED_TIMEOUT
Fusion Node—Liquidity + Gamma + Time,Highest,2024-08-02 09:51:00,4099.309742608416,2024-08-02 09:40:00,4101.857935508017,TIMEOUT,1.5,4059.956369079375,4339.119362551009,3.8222893494021264,0.09324226734254973,20,3/4 conditions met: Key time window (hour: 9.85); Gamma/OI detected (705); Key time window (hour: 9.85),"Fusion, Gamma, Liquidity, Time, Confluence",3,CLOSED_TIMEOUT
Gamma Pin / Dealer Magnet Edge,High (with data),2024-08-02 09:51:00,4099.309742608416,2024-08-02 09:40:00,4101.857935508017,TIMEOUT,1.44,4050.1180256971147,4234.586964114494,3.669397775426041,0.08951257664884774,20,4/4 conditions met: Gamma/OI detected (705); Gamma/OI detected (705); Gamma/OI detected (705),"Gamma, OI, Pin, Dealer, Expiry",4,CLOSED_TIMEOUT
Fusion Node—Liquidity + Gamma + Time,Highest,2024-08-02 09:51:30,4099.249521869298,2024-08-02 09:40:00,4101.857935508017,TIMEOUT,1.7999999999999998,4059.896726459353,4339.055618898652,4.695144549694123,0.11453668591398873,20,4/4 conditions met: Key time window (hour: 9.85); Gamma/OI detected (484); Key time window (hour: 9.85),"Fusion, Gamma, Liquidity, Time, Confluence",4,CLOSED_TIMEOUT
Gamma Pin / Dealer Magnet Edge,High (with data),2024-08-02 09:51:30,4099.249521869298,2024-08-02 09:40:00,4101.857935508017,TIMEOUT,1.44,4050.058527606867,4234.524756090985,3.7561156397552984,0.09162934873119098,20,4/4 conditions met: Gamma/OI detected (484); Gamma/OI detected (484); Gamma/OI detected (484),"Gamma, OI, Pin, Dealer, Expiry",4,CLOSED_TIMEOUT
Fusion Node—Liquidity + Gamma + Time,Highest,2024-08-02 09:52:00,4098.953817471224,2024-08-02 09:40:00,4101.857935508017,TIMEOUT,1.7999999999999998,4059.6038608235003,4338.7426157932905,5.227412466227542,0.12753040651364303,20,4/4 conditions met: Key time window (hour: 9.866666666666667); Gamma/OI detected (135); Key time window (hour: 9.866666666666667),"Fusion, Gamma, Liquidity, Time, Confluence",4,CLOSED_TIMEOUT
Gamma Pin / Dealer Magnet Edge,High (with data),2024-08-02 09:52:00,4098.953817471224,2024-08-02 09:40:00,4101.857935508017,TIMEOUT,1.44,4049.7663716615693,4234.219293447774,4.181929972982034,0.10202432521091444,20,4/4 conditions met: Gamma/OI detected (135); Gamma/OI detected (135); Gamma/OI detected (135),"Gamma, OI, Pin, Dealer, Expiry",4,CLOSED_TIMEOUT
Block Order Footprint Detection,High,2024-08-02 09:52:30,4098.809848629546,2024-08-02 09:40:00,4101.857935508017,TIMEOUT,1.44,4049.6241304459913,4221.774144088432,4.3892451049991354,0.10708584362523424,20,"4/4 conditions met: Large print/block detected (size: 0.0, vol: 20000); Volume/footprint activity (spike: True, clusters: 0); Gamma/OI detected (3200)","Block, Footprint, Breakout, Absorption",4,CLOSED_TIMEOUT
Fusion Node—Liquidity + Gamma + Time,Highest,2024-08-02 09:52:30,4098.809848629546,2024-08-02 09:40:00,4101.857935508017,TIMEOUT,1.7999999999999998,4059.461274082702,4338.590224774374,5.48655638124892,0.13385730453154282,20,4/4 conditions met: Key time window (hour: 9.866666666666667); Gamma/OI detected (3200); Key time window (hour: 9.866666666666667),"Fusion, Gamma, Liquidity, Time, Confluence",4,CLOSED_TIMEOUT
Dark Pool Signature / Block Print Node,High,2024-08-02 09:52:30,4098.809848629546,2024-08-02 09:40:00,4101.857935508017,TIMEOUT,1.2,4049.6241304459913,4221.774144088432,3.6577042541659464,0.08923820302102854,20,"3/4 conditions met: Large print/block detected (size: 0.0, vol: 20000); Volume/footprint activity (spike: True, clusters: 0); Large print/block detected (size: 0.0, vol: 20000)","Dark Pool, Block, VWAP, Tape",3,CLOSED_TIMEOUT
Gamma Pin / Dealer Magnet Edge,High (with data),2024-08-02 09:52:30,4098.809848629546,2024-08-02 09:40:00,4101.857935508017,TIMEOUT,1.44,4049.6241304459913,4234.070573634321,4.3892451049991354,0.10708584362523424,20,4/4 conditions met: Gamma/OI detected (3200); Gamma/OI detected (3200); Gamma/OI detected (3200),"Gamma, OI, Pin, Dealer, Expiry",4,CLOSED_TIMEOUT
Fusion Node—Liquidity + Gamma + Time,Highest,2024-08-02 09:53:00,4098.717720875354,2024-08-02 09:40:00,4101.857935508017,TIMEOUT,1.7999999999999998,4059.37003075495,4338.492707546562,5.652386338794531,0.13790621174047,20,4/4 conditions met: Key time window (hour: 9.883333333333333); Gamma/OI detected (334); Key time window (hour: 9.883333333333333),"Fusion, Gamma, Liquidity, Time, Confluence",4,CLOSED_TIMEOUT
Gamma Pin / Dealer Magnet Edge,High (with data),2024-08-02 09:53:00,4098.717720875354,2024-08-02 09:40:00,4101.857935508017,TIMEOUT,1.44,4049.5331082248495,4233.9754056642405,4.5219090710356245,0.11032496939237597,20,4/4 conditions met: Gamma/OI detected (334); Gamma/OI detected (334); Gamma/OI detected (334),"Gamma, OI, Pin, Dealer, Expiry",4,CLOSED_TIMEOUT
Fusion Node—Liquidity + Gamma + Time,Highest,2024-08-02 09:53:30,4098.929145320598,2024-08-02 09:40:00,4101.857935508017,TIMEOUT,1.7999999999999998,4059.57942552552,4338.716500321852,5.271822337355115,0.1286146247093222,20,4/4 conditions met: Key time window (hour: 9.883333333333333); Gamma/OI detected (269); Key time window (hour: 9.883333333333333),"Fusion, Gamma, Liquidity, Time, Confluence",4,CLOSED_TIMEOUT
Gamma Pin / Dealer Magnet Edge,High (with data),2024-08-02 09:53:30,4098.929145320598,2024-08-02 09:40:00,4101.857935508017,TIMEOUT,1.44,4049.7419955767505,4234.193807116178,4.217457869884092,0.10289169976745777,20,4/4 conditions met: Gamma/OI detected (269); Gamma/OI detected (269); Gamma/OI detected (269),"Gamma, OI, Pin, Dealer, Expiry",4,CLOSED_TIMEOUT
Fusion Node—Liquidity + Gamma + Time,Highest,2024-08-02 09:54:00,4098.997868978511,2024-08-02 09:40:00,4101.857935508017,TIMEOUT,1.7999999999999998,4059.6474894363173,4338.789244313754,5.148119753111131,0.12559459452449206,20,4/4 conditions met: Key time window (hour: 9.9); Gamma/OI detected (118); Key time window (hour: 9.9),"Fusion, Gamma, Liquidity, Time, Confluence",4,CLOSED_TIMEOUT
Gamma Pin / Dealer Magnet Edge,High (with data),2024-08-02 09:54:00,4098.997868978511,2024-08-02 09:40:00,4101.857935508017,TIMEOUT,1.44,4049.809894550769,4234.264798654802,4.118495802488906,0.10047567561959367,20,4/4 conditions met: Gamma/OI detected (118); Gamma/OI detected (118); Gamma/OI detected (118),"Gamma, OI, Pin, Dealer, Expiry",4,CLOSED_TIMEOUT
Fusion Node—Liquidity + Gamma + Time,Highest,2024-08-02 09:54:30,4098.645260947438,2024-08-02 09:40:00,4101.857935508017,TIMEOUT,1.5,4059.2982664423425,4338.416008712863,4.819011840868825,0.11757572402728182,20,3/4 conditions met: Key time window (hour: 9.9); Gamma/OI detected (96); Key time window (hour: 9.9),"Fusion, Gamma, Liquidity, Time, Confluence",3,CLOSED_TIMEOUT
Gamma Pin / Dealer Magnet Edge,High (with data),2024-08-02 09:54:30,4098.645260947438,2024-08-02 09:40:00,4101.857935508017,TIMEOUT,1.44,4049.461517816069,4233.900554558703,4.6262513672340715,0.11287269506619053,20,4/4 conditions met: Gamma/OI detected (96); Gamma/OI detected (96); Gamma/OI detected (96),"Gamma, OI, Pin, Dealer, Expiry",4,CLOSED_TIMEOUT
Fusion Node—Liquidity + Gamma + Time,Highest,2024-08-02 09:55:00,4098.710077741318,2024-08-02 09:40:00,4101.857935508017,TIMEOUT,1.7999999999999998,4059.362460995001,4338.484617289185,5.66614398005895,0.13824212673225722,20,4/4 conditions met: Key time window (hour: 9.916666666666666); Gamma/OI detected (143); Key time window (hour: 9.916666666666666),"Fusion, Gamma, Liquidity, Time, Confluence",4,CLOSED_TIMEOUT
Gamma Pin / Dealer Magnet Edge,High (with data),2024-08-02 09:55:00,4098.710077741318,2024-08-02 09:40:00,4101.857935508017,TIMEOUT,1.44,4049.525556808422,4233.967510306781,4.532915184047161,0.11059370138580576,20,4/4 conditions met: Gamma/OI detected (143); Gamma/OI detected (143); Gamma/OI detected (143),"Gamma, OI, Pin, Dealer, Expiry",4,CLOSED_TIMEOUT
Block Order Footprint Detection,High,2024-08-02 09:55:30,4098.633061285234,2024-08-02 09:40:00,4101.857935508017,TIMEOUT,1.2,4049.4494645498116,4221.592053123792,3.869849067339601,0.09441804156349892,20,"3/4 conditions met: Large print/block detected (size: 0.0, vol: 12806); Gamma/OI detected (799); Liquidity conditions met (proxy: 1562)","Block, Footprint, Breakout, Absorption",3,CLOSED_TIMEOUT
Fusion Node—Liquidity + Gamma + Time,Highest,2024-08-02 09:55:30,4098.633061285234,2024-08-02 09:40:00,4101.857935508017,TIMEOUT,1.7999999999999998,4059.286183896896,4338.4030953704205,5.8047736010094,0.14162706234524838,20,4/4 conditions met: Key time window (hour: 9.916666666666666); Gamma/OI detected (799); Key time window (hour: 9.916666666666666),"Fusion, Gamma, Liquidity, Time, Confluence",4,CLOSED_TIMEOUT
Gamma Pin / Dealer Magnet Edge,High (with data),2024-08-02 09:55:30,4098.633061285234,2024-08-02 09:40:00,4101.857935508017,TIMEOUT,1.44,4049.4494645498116,4233.887952307647,4.643818880807521,0.11330164987619869,20,4/4 conditions met: Gamma/OI detected (799); Gamma/OI detected (799); Gamma/OI detected (799),"Gamma, OI, Pin, Dealer, Expiry",4,CLOSED_TIMEOUT
Fusion Node—Liquidity + Gamma + Time,Highest,2024-08-02 09:56:00,4098.497676885173,2024-08-02 09:40:00,4101.857935508017,TIMEOUT,1.7999999999999998,4059.1520991870752,4338.259790982956,6.048465521119942,0.14757762472898925,20,4/4 conditions met: Key time window (hour: 9.933333333333334); Gamma/OI detected (502); Key time window (hour: 9.933333333333334),"Fusion, Gamma, Liquidity, Time, Confluence",4,CLOSED_TIMEOUT
Gamma Pin / Dealer Magnet Edge,High (with data),2024-08-02 09:56:00,4098.497676885173,2024-08-02 09:40:00,4101.857935508017,TIMEOUT,1.44,4049.315704762551,4233.748100222383,4.838772416895954,0.11806209978319139,20,4/4 conditions met: Gamma/OI detected (502); Gamma/OI detected (502); Gamma/OI detected (502),"Gamma, OI, Pin, Dealer, Expiry",4,CLOSED_TIMEOUT
Fusion Node—Liquidity + Gamma + Time,Highest,2024-08-02 09:56:30,4098.620012142941,2024-08-02 09:40:00,4101.857935508017,TIMEOUT,1.5,4059.2732600263685,4338.3892828533035,4.856885047614469,0.11850049609929741,20,3/4 conditions met: Key time window (hour: 9.933333333333334); Gamma/OI detected (253); Key time window (hour: 9.933333333333334),"Fusion, Gamma, Liquidity, Time, Confluence",3,CLOSED_TIMEOUT
Gamma Pin / Dealer Magnet Edge,High (with data),2024-08-02 09:56:30,4098.620012142941,2024-08-02 09:40:00,4101.857935508017,TIMEOUT,1.44,4049.4365719972257,4233.874472543658,4.66260964570989,0.11376047625532551,20,4/4 conditions met: Gamma/OI detected (253); Gamma/OI detected (253); Gamma/OI detected (253),"Gamma, OI, Pin, Dealer, Expiry",4,CLOSED_TIMEOUT
Fusion Node—Liquidity + Gamma + Time,Highest,2024-08-02 09:57:00,4098.82621204744,2024-08-02 09:40:00,4101.857935508017,TIMEOUT,1.7999999999999998,4059.4774804117847,4338.607545452215,5.457102229039083,0.13313817045961454,20,4/4 conditions met: Key time window (hour: 9.95); Gamma/OI detected (267); Key time window (hour: 9.95),"Fusion, Gamma, Liquidity, Time, Confluence",4,CLOSED_TIMEOUT
Gamma Pin / Dealer Magnet Edge,High (with data),2024-08-02 09:57:00,4098.82621204744,2024-08-02 09:40:00,4101.857935508017,TIMEOUT,1.44,4049.640297502871,4234.0874770450055,4.365681783231266,0.10651053636769163,20,4/4 conditions met: Gamma/OI detected (267); Gamma/OI detected (267); Gamma/OI detected (267),"Gamma, OI, Pin, Dealer, Expiry",4,CLOSED_TIMEOUT
Block Order Footprint Detection,High,2024-08-02 09:57:30,4099.012468071263,2024-08-02 09:40:00,4101.857935508017,TIMEOUT,1.2,4049.824318454408,4221.982842113402,3.4145609241048076,0.08330203800798597,20,"3/4 conditions met: Large print/block detected (size: 15000.0, vol: 5911); Volume/footprint activity (spike: False, clusters: 4); Gamma/OI detected (523)","Block, Footprint, Breakout, Absorption",3,CLOSED_TIMEOUT
Fusion Node—Liquidity + Gamma + Time,Highest,2024-08-02 09:57:30,4099.012468071263,2024-08-02 09:40:00,4101.857935508017,TIMEOUT,1.7999999999999998,4059.661948377779,4338.804697453432,5.121841386157211,0.12495305701197895,20,4/4 conditions met: Key time window (hour: 9.95); Gamma/OI detected (523); Key time window (hour: 9.95),"Fusion, Gamma, Liquidity, Time, Confluence",4,CLOSED_TIMEOUT
Dark Pool Signature / Block Print Node,High,2024-08-02 09:57:30,4099.012468071263,2024-08-02 09:40:00,4101.857935508017,TIMEOUT,1.2,4049.824318454408,4221.982842113402,3.4145609241048076,0.08330203800798597,20,"3/4 conditions met: Large print/block detected (size: 15000.0, vol: 5911); Volume/footprint activity (spike: False, clusters: 4); Large print/block detected (size: 15000.0, vol: 5911)","Dark Pool, Block, VWAP, Tape",3,CLOSED_TIMEOUT
Gamma Pin / Dealer Magnet Edge,High (with data),2024-08-02 09:57:30,4099.012468071263,2024-08-02 09:40:00,4101.857935508017,TIMEOUT,1.44,4049.824318454408,4234.279879517615,4.097473108925769,0.09996244560958316,20,4/4 conditions met: Gamma/OI detected (523); Gamma/OI detected (523); Gamma/OI detected (523),"Gamma, OI, Pin, Dealer, Expiry",4,CLOSED_TIMEOUT
Fusion Node—Liquidity + Gamma + Time,Highest,2024-08-02 09:58:00,4098.844624566619,2024-08-02 09:40:00,4101.857935508017,TIMEOUT,1.7999999999999998,4059.4957161707794,4338.6270351037665,5.423959694516816,0.13232899002826448,20,4/4 conditions met: Key time window (hour: 9.966666666666667); Gamma/OI detected (481); Key time window (hour: 9.966666666666667),"Fusion, Gamma, Liquidity, Time, Confluence",4,CLOSED_TIMEOUT
Gamma Pin / Dealer Magnet Edge,High (with data),2024-08-02 09:58:00,4098.844624566619,2024-08-02 09:40:00,4101.857935508017,TIMEOUT,1.44,4049.6584890718195,4234.106497177318,4.3391677556134525,0.10586319202261157,20,4/4 conditions met: Gamma/OI detected (481); Gamma/OI detected (481); Gamma/OI detected (481),"Gamma, OI, Pin, Dealer, Expiry",4,CLOSED_TIMEOUT
Block Order Footprint Detection,High,2024-08-02 09:58:30,4098.782782091449,2024-08-02 09:40:00,4101.857935508017,TIMEOUT,1.44,4049.5973887063515,4221.746265554192,4.428220919858432,0.10803746271225634,20,"4/4 conditions met: Large print/block detected (size: 0.0, vol: 15408); Volume/footprint activity (spike: True, clusters: 0); Gamma/OI detected (390)","Block, Footprint, Breakout, Absorption",4,CLOSED_TIMEOUT
Fusion Node—Liquidity + Gamma + Time,Highest,2024-08-02 09:58:30,4098.782782091449,2024-08-02 09:40:00,4101.857935508017,TIMEOUT,1.7999999999999998,4059.4344673833707,4338.561574843799,5.535276149823039,0.1350468283903204,20,4/4 conditions met: Key time window (hour: 9.966666666666667); Gamma/OI detected (390); Key time window (hour: 9.966666666666667),"Fusion, Gamma, Liquidity, Time, Confluence",4,CLOSED_TIMEOUT
Dark Pool Signature / Block Print Node,High,2024-08-02 09:58:30,4098.782782091449,2024-08-02 09:40:00,4101.857935508017,TIMEOUT,1.2,4049.5973887063515,4221.746265554192,3.690184099882026,0.09003121892688026,20,"3/4 conditions met: Large print/block detected (size: 0.0, vol: 15408); Volume/footprint activity (spike: True, clusters: 0); Large print/block detected (size: 0.0, vol: 15408)","Dark Pool, Block, VWAP, Tape",3,CLOSED_TIMEOUT
Gamma Pin / Dealer Magnet Edge,High (with data),2024-08-02 09:58:30,4098.782782091449,2024-08-02 09:40:00,4101.857935508017,TIMEOUT,1.44,4049.5973887063515,4234.042613900467,4.428220919858432,0.10803746271225634,20,4/4 conditions met: Gamma/OI detected (390); Gamma/OI detected (390); Gamma/OI detected (390),"Gamma, OI, Pin, Dealer, Expiry",4,CLOSED_TIMEOUT
Fusion Node—Liquidity + Gamma + Time,Highest,2024-08-02 09:59:00,4098.84903477773,2024-08-02 09:40:00,4101.857935508017,TIMEOUT,1.5,4059.5000840438634,4338.631703312227,4.513351095431517,0.11011264521178601,20,3/4 conditions met: Key time window (hour: 9.983333333333333); Gamma/OI detected (600); Key time window (hour: 9.983333333333333),"Fusion, Gamma, Liquidity, Time, Confluence",3,CLOSED_TIMEOUT
Gamma Pin / Dealer Magnet Edge,High (with data),2024-08-02 09:59:00,4098.84903477773,2024-08-02 09:40:00,4101.857935508017,TIMEOUT,1.44,4049.662846360397,4234.111052925395,4.332817051614256,0.10570813940331458,20,4/4 conditions met: Gamma/OI detected (600); Gamma/OI detected (600); Gamma/OI detected (600),"Gamma, OI, Pin, Dealer, Expiry",4,CLOSED_TIMEOUT
Block Order Footprint Detection,High,2024-08-02 09:59:30,4099.044143803154,2024-08-02 09:40:00,4101.857935508017,TIMEOUT,1.44,4049.855614077516,4222.015468117249,4.051860055003345,0.09884890020345008,20,"4/4 conditions met: Large print/block detected (size: 0.0, vol: 21783); Volume/footprint activity (spike: True, clusters: 1); Gamma/OI detected (661)","Block, Footprint, Breakout, Absorption",4,CLOSED_TIMEOUT
Fusion Node—Liquidity + Gamma + Time,Highest,2024-08-02 09:59:30,4099.044143803154,2024-08-02 09:40:00,4101.857935508017,TIMEOUT,1.7999999999999998,4059.6933200226435,4338.838226215638,5.06482506875418,0.12356112525431259,20,4/4 conditions met: Key time window (hour: 9.983333333333333); Gamma/OI detected (661); Key time window (hour: 9.983333333333333),"Fusion, Gamma, Liquidity, Time, Confluence",4,CLOSED_TIMEOUT
Dark Pool Signature / Block Print Node,High,2024-08-02 09:59:30,4099.044143803154,2024-08-02 09:40:00,4101.857935508017,TIMEOUT,1.2,4049.855614077516,4222.015468117249,3.37655004583612,0.08237408350287506,20,"3/4 conditions met: Large print/block detected (size: 0.0, vol: 21783); Volume/footprint activity (spike: True, clusters: 1); Large print/block detected (size: 0.0, vol: 21783)","Dark Pool, Block, VWAP, Tape",3,CLOSED_TIMEOUT
Gamma Pin / Dealer Magnet Edge,High (with data),2024-08-02 09:59:30,4099.044143803154,2024-08-02 09:40:00,4101.857935508017,TIMEOUT,1.44,4049.855614077516,4234.312600548657,4.051860055003345,0.09884890020345008,20,4/4 conditions met: Gamma/OI detected (661); Gamma/OI detected (661); Gamma/OI detected (661),"Gamma, OI, Pin, Dealer, Expiry",4,CLOSED_TIMEOUT
Fusion Node—Liquidity + Gamma + Time,Highest,2024-08-02 10:00:00,4098.948308955585,2024-08-02 09:40:00,4101.857935508017,TIMEOUT,1.7999999999999998,4059.598405189611,4338.736785029487,5.23732779437796,0.12777247722141769,20,4/4 conditions met: Key time window (hour: 10.0); Gamma/OI detected (338); Key time window (hour: 10.0),"Fusion, Gamma, Liquidity, Time, Confluence",4,CLOSED_TIMEOUT
Gamma Pin / Dealer Magnet Edge,High (with data),2024-08-02 10:00:00,4098.948308955585,2024-08-02 09:40:00,4101.857935508017,TIMEOUT,1.44,4049.760929248118,4234.213603151119,4.1898622355023685,0.10221798177713415,20,4/4 conditions met: Gamma/OI detected (338); Gamma/OI detected (338); Gamma/OI detected (338),"Gamma, OI, Pin, Dealer, Expiry",4,CLOSED_TIMEOUT
Fusion Node—Liquidity + Gamma + Time,Highest,2024-08-02 10:00:30,4098.931177160252,2024-08-02 09:40:00,4101.857935508017,TIMEOUT,1.7999999999999998,4059.5814378595137,4338.718651024127,5.26816502597685,0.1285253349783405,20,4/4 conditions met: Key time window (hour: 10.0); Gamma/OI detected (303); Key time window (hour: 10.0),"Fusion, Gamma, Liquidity, Time, Confluence",4,CLOSED_TIMEOUT
Gamma Pin / Dealer Magnet Edge,High (with data),2024-08-02 10:00:30,4098.931177160252,2024-08-02 09:40:00,4101.857935508017,TIMEOUT,1.44,4049.7440030343296,4234.19590600654,4.21453202078148,0.1028202679826724,20,4/4 conditions met: Gamma/OI detected (303); Gamma/OI detected (303); Gamma/OI detected (303),"Gamma, OI, Pin, Dealer, Expiry",4,CLOSED_TIMEOUT
Fusion Node—Liquidity + Gamma + Time,Highest,2024-08-02 10:01:00,4098.749910165451,2024-08-02 09:40:00,4101.857935508017,TIMEOUT,1.7999999999999998,4059.4019110278628,4338.52677991013,5.594445616619122,0.1364915093439623,20,4/4 conditions met: Key time window (hour: 10.016666666666667); Gamma/OI detected (783); Key time window (hour: 10.016666666666667),"Fusion, Gamma, Liquidity, Time, Confluence",4,CLOSED_TIMEOUT
Gamma Pin / Dealer Magnet Edge,High (with data),2024-08-02 10:01:00,4098.749910165451,2024-08-02 09:40:00,4101.857935508017,TIMEOUT,1.44,4049.5649112434658,4234.00865720091,4.475556493295298,0.10919320747516982,20,4/4 conditions met: Gamma/OI detected (783); Gamma/OI detected (783); Gamma/OI detected (783),"Gamma, OI, Pin, Dealer, Expiry",4,CLOSED_TIMEOUT
Fusion Node—Liquidity + Gamma + Time,Highest,2024-08-02 10:01:30,4098.570668840635,2024-08-02 09:40:00,4101.857935508017,TIMEOUT,1.7999999999999998,4059.224390419765,4338.337052967812,5.917080001287649,0.14436935408414994,20,4/4 conditions met: Key time window (hour: 10.016666666666667); Gamma/OI detected (406); Key time window (hour: 10.016666666666667),"Fusion, Gamma, Liquidity, Time, Confluence",4,CLOSED_TIMEOUT
Gamma Pin / Dealer Magnet Edge,High (with data),2024-08-02 10:01:30,4098.570668840635,2024-08-02 09:40:00,4101.857935508017,TIMEOUT,1.44,4049.3878208145475,4233.823500912376,4.73366400103012,0.11549548326731997,20,4/4 conditions met: Gamma/OI detected (406); Gamma/OI detected (406); Gamma/OI detected (406),"Gamma, OI, Pin, Dealer, Expiry",4,CLOSED_TIMEOUT
Block Order Footprint Detection,High,2024-08-02 10:02:00,4098.813174005114,2024-08-02 09:40:00,4101.857935508017,TIMEOUT,1.44,4049.6274159170525,4221.777569225267,4.384456564180873,0.1069689292497478,20,"4/4 conditions met: Large print/block detected (size: 0.0, vol: 16999); Volume/footprint activity (spike: False, clusters: 1); Gamma/OI detected (72)","Block, Footprint, Breakout, Absorption",4,CLOSED_TIMEOUT
Fusion Node—Liquidity + Gamma + Time,Highest,2024-08-02 10:02:00,4098.813174005114,2024-08-02 09:40:00,4101.857935508017,TIMEOUT,1.7999999999999998,4059.4645675346646,4338.593744684413,5.480570705226091,0.13371116156218477,20,4/4 conditions met: Key time window (hour: 10.033333333333333); Gamma/OI detected (72); Key time window (hour: 10.033333333333333),"Fusion, Gamma, Liquidity, Time, Confluence",4,CLOSED_TIMEOUT
Dark Pool Signature / Block Print Node,High,2024-08-02 10:02:00,4098.813174005114,2024-08-02 09:40:00,4101.857935508017,TIMEOUT,1.2,4049.6274159170525,4221.777569225267,3.653713803484061,0.08914077437478984,20,"3/4 conditions met: Large print/block detected (size: 0.0, vol: 16999); Volume/footprint activity (spike: False, clusters: 1); Large print/block detected (size: 0.0, vol: 16999)","Dark Pool, Block, VWAP, Tape",3,CLOSED_TIMEOUT
Gamma Pin / Dealer Magnet Edge,High (with data),2024-08-02 10:02:00,4098.813174005114,2024-08-02 09:40:00,4101.857935508017,TIMEOUT,1.44,4049.6274159170525,4234.074008747282,4.384456564180873,0.1069689292497478,20,4/4 conditions met: Gamma/OI detected (72); Gamma/OI detected (72); Gamma/OI detected (72),"Gamma, OI, Pin, Dealer, Expiry",4,CLOSED_TIMEOUT
Fusion Node—Liquidity + Gamma + Time,Highest,2024-08-02 10:02:30,4099.184422010828,2024-08-02 09:40:00,4101.857935508017,TIMEOUT,1.7999999999999998,4059.8322515595237,4338.986710698461,4.812324294941209,0.11739711609707364,20,4/4 conditions met: Key time window (hour: 10.033333333333333); Gamma/OI detected (571); Key time window (hour: 10.033333333333333),"Fusion, Gamma, Liquidity, Time, Confluence",4,CLOSED_TIMEOUT
Gamma Pin / Dealer Magnet Edge,High (with data),2024-08-02 10:02:30,4099.184422010828,2024-08-02 09:40:00,4101.857935508017,TIMEOUT,1.44,4049.9942089466977,4234.457507937184,3.849859435952967,0.09391769287765891,20,4/4 conditions met: Gamma/OI detected (571); Gamma/OI detected (571); Gamma/OI detected (571),"Gamma, OI, Pin, Dealer, Expiry",4,CLOSED_TIMEOUT
Fusion Node—Liquidity + Gamma + Time,Highest,2024-08-02 10:03:00,4099.290019986512,2024-08-02 09:40:00,4101.857935508017,TIMEOUT,1.7999999999999998,4059.936835794641,4339.098486155723,4.622247938710279,0.11275728031376245,20,4/4 conditions met: Key time window (hour: 10.05); Gamma/OI detected (149); Key time window (hour: 10.05),"Fusion, Gamma, Liquidity, Time, Confluence",4,CLOSED_TIMEOUT
Gamma Pin / Dealer Magnet Edge,High (with data),2024-08-02 10:03:00,4099.290019986512,2024-08-02 09:40:00,4101.857935508017,TIMEOUT,1.44,4050.0985397466734,4234.566590646066,3.6977983509682235,0.09020582425100995,20,4/4 conditions met: Gamma/OI detected (149); Gamma/OI detected (149); Gamma/OI detected (149),"Gamma, OI, Pin, Dealer, Expiry",4,CLOSED_TIMEOUT
Fusion Node—Liquidity + Gamma + Time,Highest,2024-08-02 10:03:30,4099.630726566091,2024-08-02 09:40:00,4101.857935508017,TIMEOUT,1.5,4060.2742715910563,4339.459124070207,3.340813412889929,0.08149059356105086,20,3/4 conditions met: Key time window (hour: 10.05); Gamma/OI detected (229); Key time window (hour: 10.05),"Fusion, Gamma, Liquidity, Time, Confluence",3,CLOSED_TIMEOUT
Gamma Pin / Dealer Magnet Edge,High (with data),2024-08-02 10:03:30,4099.630726566091,2024-08-02 09:40:00,4101.857935508017,TIMEOUT,1.44,4050.4351578472974,4234.918540542772,3.207180876374332,0.07823096981860882,20,4/4 conditions met: Gamma/OI detected (229); Gamma/OI detected (229); Gamma/OI detected (229),"Gamma, OI, Pin, Dealer, Expiry",4,CLOSED_TIMEOUT
Fusion Node—Liquidity + Gamma + Time,Highest,2024-08-02 10:04:00,4099.8630537711,2024-08-02 09:40:00,4101.857935508017,TIMEOUT,1.5,4060.504368454897,4339.705042416709,2.9923226053765575,0.07298591602039453,20,3/4 conditions met: Key time window (hour: 10.066666666666666); Gamma/OI detected (272); Key time window (hour: 10.066666666666666),"Fusion, Gamma, Liquidity, Time, Confluence",3,CLOSED_TIMEOUT
Gamma Pin / Dealer Magnet Edge,High (with data),2024-08-02 10:04:00,4099.8630537711,2024-08-02 09:40:00,4101.857935508017,TIMEOUT,1.44,4050.6646971258465,4235.158534545546,2.872629701161495,0.07006647937957874,20,4/4 conditions met: Gamma/OI detected (272); Gamma/OI detected (272); Gamma/OI detected (272),"Gamma, OI, Pin, Dealer, Expiry",4,CLOSED_TIMEOUT
Fusion Node—Liquidity + Gamma + Time,Highest,2024-08-02 10:04:30,4099.914029820179,2024-08-02 09:40:00,4101.857935508017,TIMEOUT,1.5,4060.554855133905,4339.75900056466,2.9158585317572943,0.07111999204249614,20,3/4 conditions met: Key time window (hour: 10.066666666666666); Gamma/OI detected (708); Key time window (hour: 10.066666666666666),"Fusion, Gamma, Liquidity, Time, Confluence",3,CLOSED_TIMEOUT
Gamma Pin / Dealer Magnet Edge,High (with data),2024-08-02 10:04:30,4099.914029820179,2024-08-02 09:40:00,4101.857935508017,TIMEOUT,1.44,4050.715061462337,4235.211192804245,2.7992241904870023,0.0682751923607963,20,4/4 conditions met: Gamma/OI detected (708); Gamma/OI detected (708); Gamma/OI detected (708),"Gamma, OI, Pin, Dealer, Expiry",4,CLOSED_TIMEOUT
Block Order Footprint Detection,High,2024-08-02 10:05:00,4100.186308941281,2024-08-02 09:40:00,4101.857935508017,TIMEOUT,1.2,4050.9840732339853,4223.191898209519,2.0059518800837393,0.04892343247206493,20,"3/4 conditions met: Large print/block detected (size: 6000.0, vol: 6643); Volume/footprint activity (spike: False, clusters: 3); Gamma/OI detected (2800)","Block, Footprint, Breakout, Absorption",3,CLOSED_TIMEOUT
Fusion Node—Liquidity + Gamma + Time,Highest,2024-08-02 10:05:00,4100.186308941281,2024-08-02 09:40:00,4101.857935508017,TIMEOUT,1.7999999999999998,4060.8245203754445,4340.047208014345,3.008927820125609,0.07338514870809741,20,4/4 conditions met: Key time window (hour: 10.083333333333334); Gamma/OI detected (2800); Key time window (hour: 10.083333333333334),"Fusion, Gamma, Liquidity, Time, Confluence",4,CLOSED_TIMEOUT
Dark Pool Signature / Block Print Node,High,2024-08-02 10:05:00,4100.186308941281,2024-08-02 09:40:00,4101.857935508017,TIMEOUT,1.2,4050.9840732339853,4223.191898209519,2.0059518800837393,0.04892343247206493,20,"3/4 conditions met: Large print/block detected (size: 6000.0, vol: 6643); Volume/footprint activity (spike: False, clusters: 3); Large print/block detected (size: 6000.0, vol: 6643)","Dark Pool, Block, VWAP, Tape",3,CLOSED_TIMEOUT
Gamma Pin / Dealer Magnet Edge,High (with data),2024-08-02 10:05:00,4100.186308941281,2024-08-02 09:40:00,4101.857935508017,TIMEOUT,1.44,4050.9840732339853,4235.492457136343,2.4071422561004874,0.05870811896647793,20,4/4 conditions met: Gamma/OI detected (2800); Gamma/OI detected (2800); Gamma/OI detected (2800),"Gamma, OI, Pin, Dealer, Expiry",4,CLOSED_TIMEOUT
Fusion Node—Liquidity + Gamma + Time,Highest,2024-08-02 10:05:30,4100.713916254574,2024-08-02 09:40:00,4101.857935508017,TIMEOUT,1.7999999999999998,4061.3470626585295,4340.605680355467,2.059234656198714,0.05021649152446938,20,4/4 conditions met: Key time window (hour: 10.083333333333334); Gamma/OI detected (657); Key time window (hour: 10.083333333333334),"Fusion, Gamma, Liquidity, Time, Confluence",4,CLOSED_TIMEOUT
Gamma Pin / Dealer Magnet Edge,High (with data),2024-08-02 10:05:30,4100.713916254574,2024-08-02 09:40:00,4101.857935508017,TIMEOUT,1.44,4051.505349259519,4236.037475490974,1.6473877249589712,0.0401731932195755,20,4/4 conditions met: Gamma/OI detected (657); Gamma/OI detected (657); Gamma/OI detected (657),"Gamma, OI, Pin, Dealer, Expiry",4,CLOSED_TIMEOUT
Fusion Node—Liquidity + Gamma + Time,Highest,2024-08-02 10:06:00,4100.946751046752,2024-08-02 09:40:00,4101.857935508017,TIMEOUT,1.7999999999999998,4061.577662236703,4340.852135982987,1.6401320302775273,0.03999398504403622,20,4/4 conditions met: Key time window (hour: 10.1); Gamma/OI detected (374); Key time window (hour: 10.1),"Fusion, Gamma, Liquidity, Time, Confluence",4,CLOSED_TIMEOUT
Gamma Pin / Dealer Magnet Edge,High (with data),2024-08-02 10:06:00,4100.946751046752,2024-08-02 09:40:00,4101.857935508017,TIMEOUT,1.44,4051.735390034191,4236.277993831294,1.312105624222022,0.03199518803522898,20,4/4 conditions met: Gamma/OI detected (374); Gamma/OI detected (374); Gamma/OI detected (374),"Gamma, OI, Pin, Dealer, Expiry",4,CLOSED_TIMEOUT
Fusion Node—Liquidity + Gamma + Time,Highest,2024-08-02 10:06:30,4101.5196797779145,2024-08-02 09:40:00,4101.857935508017,TIMEOUT,1.7999999999999998,4062.1450908520465,4341.4585810449225,0.6088603141852217,0.014844749305657112,20,4/4 conditions met: Key time window (hour: 10.1); Gamma/OI detected (565); Key time window (hour: 10.1),"Fusion, Gamma, Liquidity, Time, Confluence",4,CLOSED_TIMEOUT
Gamma Pin / Dealer Magnet Edge,High (with data),2024-08-02 10:06:30,4101.5196797779145,2024-08-02 09:40:00,4101.857935508017,TIMEOUT,1.44,4052.3014436205794,4236.8698292105855,0.4870882513481774,0.01187579944452569,20,4/4 conditions met: Gamma/OI detected (565); Gamma/OI detected (565); Gamma/OI detected (565),"Gamma, OI, Pin, Dealer, Expiry",4,CLOSED_TIMEOUT
Block Order Footprint Detection,High,2024-08-02 10:07:00,4101.275730757096,2024-08-02 09:40:00,4101.857935508017,TIMEOUT,1.44,4052.060421988011,4224.314002679809,0.8383748413261491,0.020441806315016645,20,"4/4 conditions met: Large print/block detected (size: 0.0, vol: 19421); Volume/footprint activity (spike: True, clusters: 1); Gamma/OI detected (65)","Block, Footprint, Breakout, Absorption",4,CLOSED_TIMEOUT
Fusion Node—Liquidity + Gamma + Time,Highest,2024-08-02 10:07:00,4101.275730757096,2024-08-02 09:40:00,4101.857935508017,TIMEOUT,1.7999999999999998,4061.903483741828,4341.200361006387,1.0479685516576864,0.025552257893770806,20,4/4 conditions met: Key time window (hour: 10.116666666666667); Gamma/OI detected (65); Key time window (hour: 10.116666666666667),"Fusion, Gamma, Liquidity, Time, Confluence",4,CLOSED_TIMEOUT
Dark Pool Signature / Block Print Node,High,2024-08-02 10:07:00,4101.275730757096,2024-08-02 09:40:00,4101.857935508017,TIMEOUT,1.2,4052.060421988011,4224.314002679809,0.6986457011051243,0.0170348385958472,20,"3/4 conditions met: Large print/block detected (size: 0.0, vol: 19421); Volume/footprint activity (spike: True, clusters: 1); Large print/block detected (size: 0.0, vol: 19421)","Dark Pool, Block, VWAP, Tape",3,CLOSED_TIMEOUT
Gamma Pin / Dealer Magnet Edge,High (with data),2024-08-02 10:07:00,4101.275730757096,2024-08-02 09:40:00,4101.857935508017,TIMEOUT,1.44,4052.060421988011,4236.617829872081,0.8383748413261491,0.020441806315016645,20,4/4 conditions met: Gamma/OI detected (65); Gamma/OI detected (65); Gamma/OI detected (65),"Gamma, OI, Pin, Dealer, Expiry",4,CLOSED_TIMEOUT
Fusion Node—Liquidity + Gamma + Time,Highest,2024-08-02 10:07:30,4101.740111257972,2024-08-02 09:40:00,4101.857935508017,TIMEOUT,1.7999999999999998,4062.363406189895,4341.691907766563,0.21208365008187682,0.005170577470273523,20,4/4 conditions met: Key time window (hour: 10.116666666666667); Gamma/OI detected (385); Key time window (hour: 10.116666666666667),"Fusion, Gamma, Liquidity, Time, Confluence",4,CLOSED_TIMEOUT
Gamma Pin / Dealer Magnet Edge,High (with data),2024-08-02 10:07:30,4101.740111257972,2024-08-02 09:40:00,4101.857935508017,TIMEOUT,1.44,4052.519229922876,4237.097534929485,0.16966692006550146,0.004136461976218819,20,4/4 conditions met: Gamma/OI detected (385); Gamma/OI detected (385); Gamma/OI detected (385),"Gamma, OI, Pin, Dealer, Expiry",4,CLOSED_TIMEOUT
Block Order Footprint Detection,High,2024-08-02 10:08:00,4102.077520671619,2024-08-02 09:40:00,4101.857935508017,TIMEOUT,1.44,4052.8525904235594,4225.139846291768,-0.3162026355862326,-0.007708353486563606,20,"4/4 conditions met: Large print/block detected (size: 0.0, vol: 14612); Volume/footprint activity (spike: False, clusters: 1); Gamma/OI detected (307)","Block, Footprint, Breakout, Absorption",4,CLOSED_TIMEOUT
Fusion Node—Liquidity + Gamma + Time,Highest,2024-08-02 10:08:00,4102.077520671619,2024-08-02 09:40:00,4101.857935508017,TIMEOUT,1.7999999999999998,4062.697576473171,4342.049055630909,-0.3952532944827908,-0.009635441858204506,20,4/4 conditions met: Key time window (hour: 10.133333333333333); Gamma/OI detected (307); Key time window (hour: 10.133333333333333),"Fusion, Gamma, Liquidity, Time, Confluence",4,CLOSED_TIMEOUT
Dark Pool Signature / Block Print Node,High,2024-08-02 10:08:00,4102.077520671619,2024-08-02 09:40:00,4101.857935508017,TIMEOUT,1.2,4052.8525904235594,4225.139846291768,-0.2635021963218605,-0.006423627905469671,20,"3/4 conditions met: Large print/block detected (size: 0.0, vol: 14612); Volume/footprint activity (spike: False, clusters: 1); Large print/block detected (size: 0.0, vol: 14612)","Dark Pool, Block, VWAP, Tape",3,CLOSED_TIMEOUT
Gamma Pin / Dealer Magnet Edge,High (with data),2024-08-02 10:08:00,4102.077520671619,2024-08-02 09:40:00,4101.857935508017,TIMEOUT,1.44,4052.8525904235594,4237.446078853782,-0.3162026355862326,-0.007708353486563606,20,4/4 conditions met: Gamma/OI detected (307); Gamma/OI detected (307); Gamma/OI detected (307),"Gamma, OI, Pin, Dealer, Expiry",4,CLOSED_TIMEOUT
Fusion Node—Liquidity + Gamma + Time,Highest,2024-08-02 10:08:30,4102.357719201526,2024-08-02 09:40:00,4101.857935508017,TIMEOUT,1.7999999999999998,4062.9750850971914,4342.345645774815,-0.8996106483162293,-0.021929112717438193,20,4/4 conditions met: Key time window (hour: 10.133333333333333); Gamma/OI detected (546); Key time window (hour: 10.133333333333333),"Fusion, Gamma, Liquidity, Time, Confluence",4,CLOSED_TIMEOUT
Gamma Pin / Dealer Magnet Edge,High (with data),2024-08-02 10:08:30,4102.357719201526,2024-08-02 09:40:00,4101.857935508017,TIMEOUT,1.44,4053.129426571108,4237.735523935176,-0.7196885186529834,-0.017543290173950555,20,4/4 conditions met: Gamma/OI detected (546); Gamma/OI detected (546); Gamma/OI detected (546),"Gamma, OI, Pin, Dealer, Expiry",4,CLOSED_TIMEOUT
Fusion Node—Liquidity + Gamma + Time,Highest,2024-08-02 10:09:00,4102.736071356833,2024-08-02 09:40:00,4101.857935508017,TIMEOUT,1.7999999999999998,4063.3498050718076,4342.7461315312075,-1.5806445278685712,-0.03852659543234595,20,4/4 conditions met: Key time window (hour: 10.15); Gamma/OI detected (209); Key time window (hour: 10.15),"Fusion, Gamma, Liquidity, Time, Confluence",4,CLOSED_TIMEOUT
Gamma Pin / Dealer Magnet Edge,High (with data),2024-08-02 10:09:00,4102.736071356833,2024-08-02 09:40:00,4101.857935508017,TIMEOUT,1.44,4053.503238500551,4238.126361711608,-1.264515622294857,-0.03082127634587676,20,4/4 conditions met: Gamma/OI detected (209); Gamma/OI detected (209); Gamma/OI detected (209),"Gamma, OI, Pin, Dealer, Expiry",4,CLOSED_TIMEOUT
Fusion Node—Liquidity + Gamma + Time,Highest,2024-08-02 10:09:30,4102.718557573913,2024-08-02 09:40:00,4101.857935508017,TIMEOUT,1.7999999999999998,4063.3324594212036,4342.727593191987,-1.5491197186123826,-0.03775837159857325,20,4/4 conditions met: Key time window (hour: 10.15); Gamma/OI detected (524); Key time window (hour: 10.15),"Fusion, Gamma, Liquidity, Time, Confluence",4,CLOSED_TIMEOUT
Gamma Pin / Dealer Magnet Edge,High (with data),2024-08-02 10:09:30,4102.718557573913,2024-08-02 09:40:00,4101.857935508017,TIMEOUT,1.44,4053.485934883026,4238.108269973852,-1.239295774889906,-0.0302066972788586,20,4/4 conditions met: Gamma/OI detected (524); Gamma/OI detected (524); Gamma/OI detected (524),"Gamma, OI, Pin, Dealer, Expiry",4,CLOSED_TIMEOUT
Fusion Node—Liquidity + Gamma + Time,Highest,2024-08-02 10:10:00,4102.674623196345,2024-08-02 09:40:00,4101.857935508017,TIMEOUT,1.7999999999999998,4063.28894681366,4342.681088653331,-1.4700378389901743,-0.03583120705401895,20,4/4 conditions met: Key time window (hour: 10.166666666666666); Gamma/OI detected (713); Key time window (hour: 10.166666666666666),"Fusion, Gamma, Liquidity, Time, Confluence",4,CLOSED_TIMEOUT
Gamma Pin / Dealer Magnet Edge,High (with data),2024-08-02 10:10:00,4102.674623196345,2024-08-02 09:40:00,4101.857935508017,TIMEOUT,1.44,4053.442527717989,4238.062885761824,-1.1760302711921395,-0.028664965643215162,20,4/4 conditions met: Gamma/OI detected (713); Gamma/OI detected (713); Gamma/OI detected (713),"Gamma, OI, Pin, Dealer, Expiry",4,CLOSED_TIMEOUT
Fusion Node—Liquidity + Gamma + Time,Highest,2024-08-02 10:10:30,4102.746045710648,2024-08-02 09:40:00,4101.857935508017,TIMEOUT,1.7999999999999998,4063.3596836718257,4342.756689384721,-1.5985983647353348,-0.03896410713518675,20,4/4 conditions met: Key time window (hour: 10.166666666666666); Gamma/OI detected (739); Key time window (hour: 10.166666666666666),"Fusion, Gamma, Liquidity, Time, Confluence",4,CLOSED_TIMEOUT
Gamma Pin / Dealer Magnet Edge,High (with data),2024-08-02 10:10:30,4102.746045710648,2024-08-02 09:40:00,4101.857935508017,TIMEOUT,1.44,4053.51309316212,4238.136665219099,-1.278878691788268,-0.0311712857081494,20,4/4 conditions met: Gamma/OI detected (739); Gamma/OI detected (739); Gamma/OI detected (739),"Gamma, OI, Pin, Dealer, Expiry",4,CLOSED_TIMEOUT
Fusion Node—Liquidity + Gamma + Time,Highest,2024-08-02 10:11:00,4103.041624519597,2024-08-02 09:40:00,4101.857935508017,TIMEOUT,1.7999999999999998,4063.6524249242084,4343.069559553993,-2.130640220842542,-0.051928311136546355,20,4/4 conditions met: Key time window (hour: 10.183333333333334); Gamma/OI detected (724); Key time window (hour: 10.183333333333334),"Fusion, Gamma, Liquidity, Time, Confluence",4,CLOSED_TIMEOUT
Gamma Pin / Dealer Magnet Edge,High (with data),2024-08-02 10:11:00,4103.041624519597,2024-08-02 09:40:00,4101.857935508017,TIMEOUT,1.44,4053.8051250253616,4238.441998128743,-1.7045121766740339,-0.04154264890923709,20,4/4 conditions met: Gamma/OI detected (724); Gamma/OI detected (724); Gamma/OI detected (724),"Gamma, OI, Pin, Dealer, Expiry",4,CLOSED_TIMEOUT
Fusion Node—Liquidity + Gamma + Time,Highest,2024-08-02 10:11:30,4102.937970475941,2024-08-02 09:40:00,4101.857935508017,TIMEOUT,1.7999999999999998,4063.549765959372,4342.959841748784,-1.944062942263008,-0.047382216261911865,20,4/4 conditions met: Key time window (hour: 10.183333333333334); Gamma/OI detected (429); Key time window (hour: 10.183333333333334),"Fusion, Gamma, Liquidity, Time, Confluence",4,CLOSED_TIMEOUT
Gamma Pin / Dealer Magnet Edge,High (with data),2024-08-02 10:11:30,4102.937970475941,2024-08-02 09:40:00,4101.857935508017,TIMEOUT,1.44,4053.70271483023,4238.334923501647,-1.5552503538104065,-0.0379057730095295,20,4/4 conditions met: Gamma/OI detected (429); Gamma/OI detected (429); Gamma/OI detected (429),"Gamma, OI, Pin, Dealer, Expiry",4,CLOSED_TIMEOUT
Fusion Node—Liquidity + Gamma + Time,Highest,2024-08-02 10:12:00,4102.776271755362,2024-08-02 09:40:00,4101.857935508017,TIMEOUT,1.7999999999999998,4063.389619546511,4342.788683653051,-1.6530052452209927,-0.040289919209115406,20,4/4 conditions met: Key time window (hour: 10.2); Gamma/OI detected (594); Key time window (hour: 10.2),"Fusion, Gamma, Liquidity, Time, Confluence",4,CLOSED_TIMEOUT
Gamma Pin / Dealer Magnet Edge,High (with data),2024-08-02 10:12:00,4102.776271755362,2024-08-02 09:40:00,4101.857935508017,TIMEOUT,1.44,4053.542956494298,4238.167888723289,-1.3224041961767943,-0.03223193536729233,20,4/4 conditions met: Gamma/OI detected (594); Gamma/OI detected (594); Gamma/OI detected (594),"Gamma, OI, Pin, Dealer, Expiry",4,CLOSED_TIMEOUT
Block Order Footprint Detection,High,2024-08-02 10:12:30,4102.675920346645,2024-08-02 09:40:00,4101.857935508017,TIMEOUT,1.44,4053.4438093024855,4225.756197957045,-1.1778981676243712,-0.02871048531478566,20,"4/4 conditions met: Large print/block detected (size: 0.0, vol: 25000); Volume/footprint activity (spike: True, clusters: 0); Gamma/OI detected (4000)","Block, Footprint, Breakout, Absorption",4,CLOSED_TIMEOUT
Fusion Node—Liquidity + Gamma + Time,Highest,2024-08-02 10:12:30,4102.675920346645,2024-08-02 09:40:00,4101.857935508017,TIMEOUT,1.7999999999999998,4063.2902315113174,4342.682461686924,-1.4723727095304637,-0.03588810664348207,20,4/4 conditions met: Key time window (hour: 10.2); Gamma/OI detected (4000); Key time window (hour: 10.2),"Fusion, Gamma, Liquidity, Time, Confluence",4,CLOSED_TIMEOUT
Dark Pool Signature / Block Print Node,High,2024-08-02 10:12:30,4102.675920346645,2024-08-02 09:40:00,4101.857935508017,TIMEOUT,1.2,4053.4438093024855,4225.756197957045,-0.9815818063536426,-0.02392540442898805,20,"3/4 conditions met: Large print/block detected (size: 0.0, vol: 25000); Volume/footprint activity (spike: True, clusters: 0); Large print/block detected (size: 0.0, vol: 25000)","Dark Pool, Block, VWAP, Tape",3,CLOSED_TIMEOUT
Gamma Pin / Dealer Magnet Edge,High (with data),2024-08-02 10:12:30,4102.675920346645,2024-08-02 09:40:00,4101.857935508017,TIMEOUT,1.44,4053.4438093024855,4238.064225718084,-1.1778981676243712,-0.02871048531478566,20,4/4 conditions met: Gamma/OI detected (4000); Gamma/OI detected (4000); Gamma/OI detected (4000),"Gamma, OI, Pin, Dealer, Expiry",4,CLOSED_TIMEOUT
Fusion Node—Liquidity + Gamma + Time,Highest,2024-08-02 10:13:00,4102.859000770186,2024-08-02 09:40:00,4101.857935508017,TIMEOUT,1.7999999999999998,4063.471554362792,4342.876252315242,-1.8019174719034707,-0.04391858144686951,20,4/4 conditions met: Key time window (hour: 10.216666666666667); Gamma/OI detected (476); Key time window (hour: 10.216666666666667),"Fusion, Gamma, Liquidity, Time, Confluence",4,CLOSED_TIMEOUT
Gamma Pin / Dealer Magnet Edge,High (with data),2024-08-02 10:13:00,4102.859000770186,2024-08-02 09:40:00,4101.857935508017,TIMEOUT,1.44,4053.6246927609436,4238.253347795602,-1.4415339775227767,-0.035134865157495615,20,4/4 conditions met: Gamma/OI detected (476); Gamma/OI detected (476); Gamma/OI detected (476),"Gamma, OI, Pin, Dealer, Expiry",4,CLOSED_TIMEOUT
Block Order Footprint Detection,High,2024-08-02 10:13:30,4102.924750992118,2024-08-02 09:40:00,4101.857935508017,TIMEOUT,1.44,4053.6896539802124,4226.012493521882,-1.5362142971047432,-0.03744193204453177,20,"4/4 conditions met: Large print/block detected (size: 0.0, vol: 23387); Volume/footprint activity (spike: True, clusters: 0); Gamma/OI detected (662)","Block, Footprint, Breakout, Absorption",4,CLOSED_TIMEOUT
Fusion Node—Liquidity + Gamma + Time,Highest,2024-08-02 10:13:30,4102.924750992118,2024-08-02 09:40:00,4101.857935508017,TIMEOUT,1.7999999999999998,4063.536673382593,4342.9458489251565,-1.920267871380929,-0.04680241505566471,20,4/4 conditions met: Key time window (hour: 10.216666666666667); Gamma/OI detected (662); Key time window (hour: 10.216666666666667),"Fusion, Gamma, Liquidity, Time, Confluence",4,CLOSED_TIMEOUT
Dark Pool Signature / Block Print Node,High,2024-08-02 10:13:30,4102.924750992118,2024-08-02 09:40:00,4101.857935508017,TIMEOUT,1.2,4053.6896539802124,4226.012493521882,-1.2801785809206194,-0.031201610037109813,20,"3/4 conditions met: Large print/block detected (size: 0.0, vol: 23387); Volume/footprint activity (spike: True, clusters: 0); Large print/block detected (size: 0.0, vol: 23387)","Dark Pool, Block, VWAP, Tape",3,CLOSED_TIMEOUT
Gamma Pin / Dealer Magnet Edge,High (with data),2024-08-02 10:13:30,4102.924750992118,2024-08-02 09:40:00,4101.857935508017,TIMEOUT,1.44,4053.6896539802124,4238.321267774857,-1.5362142971047432,-0.03744193204453177,20,4/4 conditions met: Gamma/OI detected (662); Gamma/OI detected (662); Gamma/OI detected (662),"Gamma, OI, Pin, Dealer, Expiry",4,CLOSED_TIMEOUT
Fusion Node—Liquidity + Gamma + Time,Highest,2024-08-02 10:14:00,4102.818798951364,2024-08-02 09:40:00,4101.857935508017,TIMEOUT,1.7999999999999998,4063.4317384814312,4342.833698690019,-1.7295541980247433,-0.04215526648329676,20,4/4 conditions met: Key time window (hour: 10.233333333333333); Gamma/OI detected (317); Key time window (hour: 10.233333333333333),"Fusion, Gamma, Liquidity, Time, Confluence",4,CLOSED_TIMEOUT
Gamma Pin / Dealer Magnet Edge,High (with data),2024-08-02 10:14:00,4102.818798951364,2024-08-02 09:40:00,4101.857935508017,TIMEOUT,1.44,4053.584973363948,4238.211819316759,-1.3836433584197947,-0.03372421318663741,20,4/4 conditions met: Gamma/OI detected (317); Gamma/OI detected (317); Gamma/OI detected (317),"Gamma, OI, Pin, Dealer, Expiry",4,CLOSED_TIMEOUT
Fusion Node—Liquidity + Gamma + Time,Highest,2024-08-02 10:14:30,4102.921452437988,2024-08-02 09:40:00,4101.857935508017,TIMEOUT,1.7999999999999998,4063.533406494583,4342.94235740561,-1.9143304739465745,-0.04665774122507426,20,4/4 conditions met: Key time window (hour: 10.233333333333333); Gamma/OI detected (626); Key time window (hour: 10.233333333333333),"Fusion, Gamma, Liquidity, Time, Confluence",4,CLOSED_TIMEOUT
Gamma Pin / Dealer Magnet Edge,High (with data),2024-08-02 10:14:30,4102.921452437988,2024-08-02 09:40:00,4101.857935508017,TIMEOUT,1.44,4053.686395008732,4238.317860368441,-1.5314643791572597,-0.03732619298005941,20,4/4 conditions met: Gamma/OI detected (626); Gamma/OI detected (626); Gamma/OI detected (626),"Gamma, OI, Pin, Dealer, Expiry",4,CLOSED_TIMEOUT
Block Order Footprint Detection,High,2024-08-02 10:15:00,4102.940867947857,2024-08-02 09:40:00,4101.857935508017,TIMEOUT,1.44,4053.705577532483,4226.029093986293,-1.5594227133697132,-0.03800743816592414,20,"4/4 conditions met: Large print/block detected (size: 0.0, vol: 22210); Volume/footprint activity (spike: True, clusters: 2); Gamma/OI detected (466)","Block, Footprint, Breakout, Absorption",4,CLOSED_TIMEOUT
Fusion Node—Liquidity + Gamma + Time,Highest,2024-08-02 10:15:00,4102.940867947857,2024-08-02 09:40:00,4101.857935508017,TIMEOUT,1.7999999999999998,4063.552635615558,4342.962908722807,-1.9492783917121412,-0.04750929770740517,20,4/4 conditions met: Key time window (hour: 10.25); Gamma/OI detected (466); Key time window (hour: 10.25),"Fusion, Gamma, Liquidity, Time, Confluence",4,CLOSED_TIMEOUT
Dark Pool Signature / Block Print Node,High,2024-08-02 10:15:00,4102.940867947857,2024-08-02 09:40:00,4101.857935508017,TIMEOUT,1.2,4053.705577532483,4226.029093986293,-1.2995189278080943,-0.03167286513827011,20,"3/4 conditions met: Large print/block detected (size: 0.0, vol: 22210); Volume/footprint activity (spike: True, clusters: 2); Large print/block detected (size: 0.0, vol: 22210)","Dark Pool, Block, VWAP, Tape",3,CLOSED_TIMEOUT
Gamma Pin / Dealer Magnet Edge,High (with data),2024-08-02 10:15:00,4102.940867947857,2024-08-02 09:40:00,4101.857935508017,TIMEOUT,1.44,4053.705577532483,4238.337916590136,-1.5594227133697132,-0.03800743816592414,20,4/4 conditions met: Gamma/OI detected (466); Gamma/OI detected (466); Gamma/OI detected (466),"Gamma, OI, Pin, Dealer, Expiry",4,CLOSED_TIMEOUT
Fusion Node—Liquidity + Gamma + Time,Highest,2024-08-02 10:15:30,4103.1345969459635,2024-08-02 09:40:00,4101.857935508017,TIMEOUT,1.7999999999999998,4063.744504815282,4343.167970867303,-2.2979905883030365,-0.056005732544417916,20,4/4 conditions met: Key time window (hour: 10.25); Gamma/OI detected (217); Key time window (hour: 10.25),"Fusion, Gamma, Liquidity, Time, Confluence",4,CLOSED_TIMEOUT
Gamma Pin / Dealer Magnet Edge,High (with data),2024-08-02 10:15:30,4103.1345969459635,2024-08-02 09:40:00,4101.857935508017,TIMEOUT,1.44,4053.896981782612,4238.53803864518,-1.8383924706424295,-0.04480458603553435,20,4/4 conditions met: Gamma/OI detected (217); Gamma/OI detected (217); Gamma/OI detected (217),"Gamma, OI, Pin, Dealer, Expiry",4,CLOSED_TIMEOUT
Block Order Footprint Detection,High,2024-08-02 10:16:00,4102.994186327188,2024-08-02 09:40:00,4101.857935508017,TIMEOUT,1.2,4053.7582560912615,4226.084011917003,-1.3635009830046327,-0.033231852668676974,20,"3/4 conditions met: Volume/footprint activity (spike: False, clusters: 1); Gamma/OI detected (92); Liquidity conditions met (proxy: 1078)","Block, Footprint, Breakout, Absorption",3,CLOSED_TIMEOUT
Fusion Node—Liquidity + Gamma + Time,Highest,2024-08-02 10:16:00,4102.994186327188,2024-08-02 09:40:00,4101.857935508017,TIMEOUT,1.7999999999999998,4063.6054421384465,4343.019346227328,-2.045251474506949,-0.049847779003015465,20,4/4 conditions met: Key time window (hour: 10.266666666666667); Gamma/OI detected (92); Key time window (hour: 10.266666666666667),"Fusion, Gamma, Liquidity, Time, Confluence",4,CLOSED_TIMEOUT
Gamma Pin / Dealer Magnet Edge,High (with data),2024-08-02 10:16:00,4102.994186327188,2024-08-02 09:40:00,4101.857935508017,TIMEOUT,1.44,4053.7582560912615,4238.392994475985,-1.6362011796055593,-0.039878223202412376,20,4/4 conditions met: Gamma/OI detected (92); Gamma/OI detected (92); Gamma/OI detected (92),"Gamma, OI, Pin, Dealer, Expiry",4,CLOSED_TIMEOUT
Fusion Node—Liquidity + Gamma + Time,Highest,2024-08-02 10:16:30,4102.928653897869,2024-08-02 09:40:00,4101.857935508017,TIMEOUT,1.7999999999999998,4063.540538820449,4342.949980150894,-1.927293101732175,-0.04697359530980891,20,4/4 conditions met: Key time window (hour: 10.266666666666667); Gamma/OI detected (605); Key time window (hour: 10.266666666666667),"Fusion, Gamma, Liquidity, Time, Confluence",4,CLOSED_TIMEOUT
Gamma Pin / Dealer Magnet Edge,High (with data),2024-08-02 10:16:30,4102.928653897869,2024-08-02 09:40:00,4101.857935508017,TIMEOUT,1.44,4053.693510051094,4238.325299476498,-1.54183448138574,-0.03757887624784713,20,4/4 conditions met: Gamma/OI detected (605); Gamma/OI detected (605); Gamma/OI detected (605),"Gamma, OI, Pin, Dealer, Expiry",4,CLOSED_TIMEOUT
Fusion Node—Liquidity + Gamma + Time,Highest,2024-08-02 10:17:00,4102.850232267242,2024-08-02 09:40:00,4101.857935508017,TIMEOUT,1.7999999999999998,4063.4628700374765,4342.866970854876,-1.7861341666044608,-0.043533984071786117,20,4/4 conditions met: Key time window (hour: 10.283333333333333); Gamma/OI detected (334); Key time window (hour: 10.283333333333333),"Fusion, Gamma, Liquidity, Time, Confluence",4,CLOSED_TIMEOUT
Gamma Pin / Dealer Magnet Edge,High (with data),2024-08-02 10:17:00,4102.850232267242,2024-08-02 09:40:00,4101.857935508017,TIMEOUT,1.44,4053.616029480035,4238.24428993206,-1.4289073332835687,-0.03482718725742889,20,4/4 conditions met: Gamma/OI detected (334); Gamma/OI detected (334); Gamma/OI detected (334),"Gamma, OI, Pin, Dealer, Expiry",4,CLOSED_TIMEOUT
Fusion Node—Liquidity + Gamma + Time,Highest,2024-08-02 10:17:30,4102.557529277616,2024-08-02 09:40:00,4101.857935508017,TIMEOUT,1.5,4063.1729769965505,4342.557144740356,-1.0493906543974845,-0.025578938184500306,20,3/4 conditions met: Key time window (hour: 10.283333333333333); Gamma/OI detected (446); Key time window (hour: 10.283333333333333),"Fusion, Gamma, Liquidity, Time, Confluence",3,CLOSED_TIMEOUT
Gamma Pin / Dealer Magnet Edge,High (with data),2024-08-02 10:17:30,4102.557529277616,2024-08-02 09:40:00,4101.857935508017,TIMEOUT,1.44,4053.3268389262844,4237.941927743776,-1.007415028221585,-0.02455578065712029,20,4/4 conditions met: Gamma/OI detected (446); Gamma/OI detected (446); Gamma/OI detected (446),"Gamma, OI, Pin, Dealer, Expiry",4,CLOSED_TIMEOUT
Block Order Footprint Detection,High,2024-08-02 10:18:00,4102.616753333029,2024-08-02 09:40:00,4101.857935508017,TIMEOUT,1.2,4053.3853522930326,4225.69525593302,-0.9105813900139764,-0.022195136537533175,20,"3/4 conditions met: Volume/footprint activity (spike: False, clusters: 2); Gamma/OI detected (61); Liquidity conditions met (proxy: 1743)","Block, Footprint, Breakout, Absorption",3,CLOSED_TIMEOUT
Fusion Node—Liquidity + Gamma + Time,Highest,2024-08-02 10:18:00,4102.616753333029,2024-08-02 09:40:00,4101.857935508017,TIMEOUT,1.7999999999999998,4063.2316325010315,4342.619833403011,-1.3658720850209647,-0.03329270480629976,20,4/4 conditions met: Key time window (hour: 10.3); Gamma/OI detected (61); Key time window (hour: 10.3),"Fusion, Gamma, Liquidity, Time, Confluence",4,CLOSED_TIMEOUT
Gamma Pin / Dealer Magnet Edge,High (with data),2024-08-02 10:18:00,4102.616753333029,2024-08-02 09:40:00,4101.857935508017,TIMEOUT,1.44,4053.3853522930326,4238.0031061930185,-1.0926976680167717,-0.026634163845039808,20,4/4 conditions met: Gamma/OI detected (61); Gamma/OI detected (61); Gamma/OI detected (61),"Gamma, OI, Pin, Dealer, Expiry",4,CLOSED_TIMEOUT
Fusion Node—Liquidity + Gamma + Time,Highest,2024-08-02 10:18:30,4102.668964387464,2024-08-02 09:40:00,4101.857935508017,TIMEOUT,1.7999999999999998,4063.2833423293446,4342.675098804131,-1.4598519830044097,-0.03558298258222665,20,4/4 conditions met: Key time window (hour: 10.3); Gamma/OI detected (656); Key time window (hour: 10.3),"Fusion, Gamma, Liquidity, Time, Confluence",4,CLOSED_TIMEOUT
Gamma Pin / Dealer Magnet Edge,High (with data),2024-08-02 10:18:30,4102.668964387464,2024-08-02 09:40:00,4101.857935508017,TIMEOUT,1.44,4053.4369368148145,4238.05704021225,-1.1678815864035277,-0.028466386065781314,20,4/4 conditions met: Gamma/OI detected (656); Gamma/OI detected (656); Gamma/OI detected (656),"Gamma, OI, Pin, Dealer, Expiry",4,CLOSED_TIMEOUT
Fusion Node—Liquidity + Gamma + Time,Highest,2024-08-02 10:19:00,4102.669987078793,2024-08-02 09:40:00,4101.857935508017,TIMEOUT,1.7999999999999998,4063.2843552028367,4342.676181322903,-1.4616928273968368,-0.03562784313630841,20,4/4 conditions met: Key time window (hour: 10.316666666666666); Gamma/OI detected (351); Key time window (hour: 10.316666666666666),"Fusion, Gamma, Liquidity, Time, Confluence",4,CLOSED_TIMEOUT
Gamma Pin / Dealer Magnet Edge,High (with data),2024-08-02 10:19:00,4102.669987078793,2024-08-02 09:40:00,4101.857935508017,TIMEOUT,1.44,4053.437947233848,4238.058096652393,-1.1693542619174695,-0.028502274509046726,20,4/4 conditions met: Gamma/OI detected (351); Gamma/OI detected (351); Gamma/OI detected (351),"Gamma, OI, Pin, Dealer, Expiry",4,CLOSED_TIMEOUT
Block Order Footprint Detection,High,2024-08-02 10:19:30,4102.623069652118,2024-08-02 09:40:00,4101.857935508017,TIMEOUT,1.44,4053.3915928162924,4225.701761741681,-1.101793167504802,-0.02685582245307826,20,"4/4 conditions met: Large print/block detected (size: 0.0, vol: 15421); Volume/footprint activity (spike: False, clusters: 1); Gamma/OI detected (302)","Block, Footprint, Breakout, Absorption",4,CLOSED_TIMEOUT
Fusion Node—Liquidity + Gamma + Time,Highest,2024-08-02 10:19:30,4102.623069652118,2024-08-02 09:40:00,4101.857935508017,TIMEOUT,1.7999999999999998,4063.2378881834575,4342.6265192267665,-1.3772414593810025,-0.033569778066347825,20,4/4 conditions met: Key time window (hour: 10.316666666666666); Gamma/OI detected (302); Key time window (hour: 10.316666666666666),"Fusion, Gamma, Liquidity, Time, Confluence",4,CLOSED_TIMEOUT
Dark Pool Signature / Block Print Node,High,2024-08-02 10:19:30,4102.623069652118,2024-08-02 09:40:00,4101.857935508017,TIMEOUT,1.2,4053.3915928162924,4225.701761741681,-0.9181609729206683,-0.022379852044231884,20,"3/4 conditions met: Large print/block detected (size: 0.0, vol: 15421); Volume/footprint activity (spike: False, clusters: 1); Large print/block detected (size: 0.0, vol: 15421)","Dark Pool, Block, VWAP, Tape",3,CLOSED_TIMEOUT
Gamma Pin / Dealer Magnet Edge,High (with data),2024-08-02 10:19:30,4102.623069652118,2024-08-02 09:40:00,4101.857935508017,TIMEOUT,1.44,4053.3915928162924,4238.009630950637,-1.101793167504802,-0.02685582245307826,20,4/4 conditions met: Gamma/OI detected (302); Gamma/OI detected (302); Gamma/OI detected (302),"Gamma, OI, Pin, Dealer, Expiry",4,CLOSED_TIMEOUT
