node_name,timestamp,trigger_reason,confidence,entry_price,node_type,tags,workflow_matches,validation_status,meta_total_workflow_steps,meta_matched_conditions,meta_data_row_index,meta_volume,meta_time_of_day
Fusion Node—Liquidity + Gamma + Time,2024-08-02 09:30:00,4/4 conditions met: Key time window (hour: 9.5); Gamma/OI detected (105); Key time window (hour: 9.5),Highest,4100.149014245903,Black Box / Microstructure,"Fusion, Gamma, Liquidity, Time, Confluence",4,triggered,4,"[{'step': 1, 'description': 'Overlay all macro liquidity levels (OBs, FVGs, session levels).', 'reason': 'Key time window (hour: 9.5)'}, {'step': 2, 'description': 'Mark gamma pins and major expiry levels.', 'reason': 'Gamma/OI detected (105)'}, {'step': 3, 'description': 'Identify exact time window (e.g., 10am, 2:30pm) for confluence.', 'reason': 'Key time window (hour: 9.5)'}, {'step': 4, 'description': 'Enter only at full alignment; size up and exit on strong reaction.', 'reason': 'Multiple factor confluence (2 factors)'}]",0,7276,9.5
Gamma Pin / Dealer Magnet Edge,2024-08-02 09:30:00,4/4 conditions met: Gamma/OI detected (105); Gamma/OI detected (105); Gamma/OI detected (105),High (with data),4100.149014245903,Black Box / Microstructure,"Gamma, OI, Pin, Dealer, Expiry",4,triggered,4,"[{'step': 1, 'description': 'Download OI/gamma by strike for main asset (SPX, NQ, ES, etc.).', 'reason': 'Gamma/OI detected (105)'}, {'step': 2, 'description': 'Overlay strike OI on price/time chart.', 'reason': 'Gamma/OI detected (105)'}, {'step': 3, 'description': 'Fade mean-reverting moves toward pin strike pre-expiry.', 'reason': 'Gamma/OI detected (105)'}, {'step': 4, 'description': 'Trade trend breakout post-expiry as dealer gamma flips/unwinds.', 'reason': 'Gamma/OI detected (105)'}]",0,7276,9.5
Fusion Node—Liquidity + Gamma + Time,2024-08-02 09:32:00,3/4 conditions met: Key time window (hour: 9.533333333333333); Gamma/OI detected (397); Key time window (hour: 9.533333333333333),Highest,4100.107534955552,Black Box / Microstructure,"Fusion, Gamma, Liquidity, Time, Confluence",3,triggered,4,"[{'step': 1, 'description': 'Overlay all macro liquidity levels (OBs, FVGs, session levels).', 'reason': 'Key time window (hour: 9.533333333333333)'}, {'step': 2, 'description': 'Mark gamma pins and major expiry levels.', 'reason': 'Gamma/OI detected (397)'}, {'step': 3, 'description': 'Identify exact time window (e.g., 10am, 2:30pm) for confluence.', 'reason': 'Key time window (hour: 9.533333333333333)'}]",1,4062,9.533333333333333
Gamma Pin / Dealer Magnet Edge,2024-08-02 09:32:00,4/4 conditions met: Gamma/OI detected (397); Gamma/OI detected (397); Gamma/OI detected (397),High (with data),4100.107534955552,Black Box / Microstructure,"Gamma, OI, Pin, Dealer, Expiry",4,triggered,4,"[{'step': 1, 'description': 'Download OI/gamma by strike for main asset (SPX, NQ, ES, etc.).', 'reason': 'Gamma/OI detected (397)'}, {'step': 2, 'description': 'Overlay strike OI on price/time chart.', 'reason': 'Gamma/OI detected (397)'}, {'step': 3, 'description': 'Fade mean-reverting moves toward pin strike pre-expiry.', 'reason': 'Gamma/OI detected (397)'}, {'step': 4, 'description': 'Trade trend breakout post-expiry as dealer gamma flips/unwinds.', 'reason': 'Gamma/OI detected (397)'}]",1,4062,9.533333333333333
Fusion Node—Liquidity + Gamma + Time,2024-08-02 09:34:00,4/4 conditions met: Key time window (hour: 9.566666666666666); Gamma/OI detected (231); Key time window (hour: 9.566666666666666),Highest,4100.301841516983,Black Box / Microstructure,"Fusion, Gamma, Liquidity, Time, Confluence",4,triggered,4,"[{'step': 1, 'description': 'Overlay all macro liquidity levels (OBs, FVGs, session levels).', 'reason': 'Key time window (hour: 9.566666666666666)'}, {'step': 2, 'description': 'Mark gamma pins and major expiry levels.', 'reason': 'Gamma/OI detected (231)'}, {'step': 3, 'description': 'Identify exact time window (e.g., 10am, 2:30pm) for confluence.', 'reason': 'Key time window (hour: 9.566666666666666)'}, {'step': 4, 'description': 'Enter only at full alignment; size up and exit on strong reaction.', 'reason': 'Multiple factor confluence (2 factors)'}]",2,5884,9.566666666666666
Gamma Pin / Dealer Magnet Edge,2024-08-02 09:34:00,4/4 conditions met: Gamma/OI detected (231); Gamma/OI detected (231); Gamma/OI detected (231),High (with data),4100.301841516983,Black Box / Microstructure,"Gamma, OI, Pin, Dealer, Expiry",4,triggered,4,"[{'step': 1, 'description': 'Download OI/gamma by strike for main asset (SPX, NQ, ES, etc.).', 'reason': 'Gamma/OI detected (231)'}, {'step': 2, 'description': 'Overlay strike OI on price/time chart.', 'reason': 'Gamma/OI detected (231)'}, {'step': 3, 'description': 'Fade mean-reverting moves toward pin strike pre-expiry.', 'reason': 'Gamma/OI detected (231)'}, {'step': 4, 'description': 'Trade trend breakout post-expiry as dealer gamma flips/unwinds.', 'reason': 'Gamma/OI detected (231)'}]",2,5884,9.566666666666666
Fusion Node—Liquidity + Gamma + Time,2024-08-02 09:36:00,3/4 conditions met: Key time window (hour: 9.6); Gamma/OI detected (494); Key time window (hour: 9.6),Highest,4100.758750473905,Black Box / Microstructure,"Fusion, Gamma, Liquidity, Time, Confluence",3,triggered,4,"[{'step': 1, 'description': 'Overlay all macro liquidity levels (OBs, FVGs, session levels).', 'reason': 'Key time window (hour: 9.6)'}, {'step': 2, 'description': 'Mark gamma pins and major expiry levels.', 'reason': 'Gamma/OI detected (494)'}, {'step': 3, 'description': 'Identify exact time window (e.g., 10am, 2:30pm) for confluence.', 'reason': 'Key time window (hour: 9.6)'}]",3,2064,9.6
Gamma Pin / Dealer Magnet Edge,2024-08-02 09:36:00,4/4 conditions met: Gamma/OI detected (494); Gamma/OI detected (494); Gamma/OI detected (494),High (with data),4100.758750473905,Black Box / Microstructure,"Gamma, OI, Pin, Dealer, Expiry",4,triggered,4,"[{'step': 1, 'description': 'Download OI/gamma by strike for main asset (SPX, NQ, ES, etc.).', 'reason': 'Gamma/OI detected (494)'}, {'step': 2, 'description': 'Overlay strike OI on price/time chart.', 'reason': 'Gamma/OI detected (494)'}, {'step': 3, 'description': 'Fade mean-reverting moves toward pin strike pre-expiry.', 'reason': 'Gamma/OI detected (494)'}, {'step': 4, 'description': 'Trade trend breakout post-expiry as dealer gamma flips/unwinds.', 'reason': 'Gamma/OI detected (494)'}]",3,2064,9.6
Fusion Node—Liquidity + Gamma + Time,2024-08-02 09:38:00,4/4 conditions met: Key time window (hour: 9.633333333333333); Gamma/OI detected (416); Key time window (hour: 9.633333333333333),Highest,4100.688504461487,Black Box / Microstructure,"Fusion, Gamma, Liquidity, Time, Confluence",4,triggered,4,"[{'step': 1, 'description': 'Overlay all macro liquidity levels (OBs, FVGs, session levels).', 'reason': 'Key time window (hour: 9.633333333333333)'}, {'step': 2, 'description': 'Mark gamma pins and major expiry levels.', 'reason': 'Gamma/OI detected (416)'}, {'step': 3, 'description': 'Identify exact time window (e.g., 10am, 2:30pm) for confluence.', 'reason': 'Key time window (hour: 9.633333333333333)'}, {'step': 4, 'description': 'Enter only at full alignment; size up and exit on strong reaction.', 'reason': 'Multiple factor confluence (2 factors)'}]",4,4568,9.633333333333333
Gamma Pin / Dealer Magnet Edge,2024-08-02 09:38:00,4/4 conditions met: Gamma/OI detected (416); Gamma/OI detected (416); Gamma/OI detected (416),High (with data),4100.688504461487,Black Box / Microstructure,"Gamma, OI, Pin, Dealer, Expiry",4,triggered,4,"[{'step': 1, 'description': 'Download OI/gamma by strike for main asset (SPX, NQ, ES, etc.).', 'reason': 'Gamma/OI detected (416)'}, {'step': 2, 'description': 'Overlay strike OI on price/time chart.', 'reason': 'Gamma/OI detected (416)'}, {'step': 3, 'description': 'Fade mean-reverting moves toward pin strike pre-expiry.', 'reason': 'Gamma/OI detected (416)'}, {'step': 4, 'description': 'Trade trend breakout post-expiry as dealer gamma flips/unwinds.', 'reason': 'Gamma/OI detected (416)'}]",4,4568,9.633333333333333
Fusion Node—Liquidity + Gamma + Time,2024-08-02 09:40:00,4/4 conditions met: Key time window (hour: 9.666666666666666); Gamma/OI detected (2000); Key time window (hour: 9.666666666666666),Highest,4100.618263374403,Black Box / Microstructure,"Fusion, Gamma, Liquidity, Time, Confluence",4,triggered,4,"[{'step': 1, 'description': 'Overlay all macro liquidity levels (OBs, FVGs, session levels).', 'reason': 'Key time window (hour: 9.666666666666666)'}, {'step': 2, 'description': 'Mark gamma pins and major expiry levels.', 'reason': 'Gamma/OI detected (2000)'}, {'step': 3, 'description': 'Identify exact time window (e.g., 10am, 2:30pm) for confluence.', 'reason': 'Key time window (hour: 9.666666666666666)'}, {'step': 4, 'description': 'Enter only at full alignment; size up and exit on strong reaction.', 'reason': 'Multiple factor confluence (2 factors)'}]",5,7463,9.666666666666666
Gamma Pin / Dealer Magnet Edge,2024-08-02 09:40:00,4/4 conditions met: Gamma/OI detected (2000); Gamma/OI detected (2000); Gamma/OI detected (2000),High (with data),4100.618263374403,Black Box / Microstructure,"Gamma, OI, Pin, Dealer, Expiry",4,triggered,4,"[{'step': 1, 'description': 'Download OI/gamma by strike for main asset (SPX, NQ, ES, etc.).', 'reason': 'Gamma/OI detected (2000)'}, {'step': 2, 'description': 'Overlay strike OI on price/time chart.', 'reason': 'Gamma/OI detected (2000)'}, {'step': 3, 'description': 'Fade mean-reverting moves toward pin strike pre-expiry.', 'reason': 'Gamma/OI detected (2000)'}, {'step': 4, 'description': 'Trade trend breakout post-expiry as dealer gamma flips/unwinds.', 'reason': 'Gamma/OI detected (2000)'}]",5,7463,9.666666666666666
Fusion Node—Liquidity + Gamma + Time,2024-08-02 09:42:00,4/4 conditions met: Key time window (hour: 9.7); Gamma/OI detected (246); Key time window (hour: 9.7),Highest,4101.092027219055,Black Box / Microstructure,"Fusion, Gamma, Liquidity, Time, Confluence",4,triggered,4,"[{'step': 1, 'description': 'Overlay all macro liquidity levels (OBs, FVGs, session levels).', 'reason': 'Key time window (hour: 9.7)'}, {'step': 2, 'description': 'Mark gamma pins and major expiry levels.', 'reason': 'Gamma/OI detected (246)'}, {'step': 3, 'description': 'Identify exact time window (e.g., 10am, 2:30pm) for confluence.', 'reason': 'Key time window (hour: 9.7)'}, {'step': 4, 'description': 'Enter only at full alignment; size up and exit on strong reaction.', 'reason': 'Multiple factor confluence (2 factors)'}]",6,7248,9.7
Gamma Pin / Dealer Magnet Edge,2024-08-02 09:42:00,4/4 conditions met: Gamma/OI detected (246); Gamma/OI detected (246); Gamma/OI detected (246),High (with data),4101.092027219055,Black Box / Microstructure,"Gamma, OI, Pin, Dealer, Expiry",4,triggered,4,"[{'step': 1, 'description': 'Download OI/gamma by strike for main asset (SPX, NQ, ES, etc.).', 'reason': 'Gamma/OI detected (246)'}, {'step': 2, 'description': 'Overlay strike OI on price/time chart.', 'reason': 'Gamma/OI detected (246)'}, {'step': 3, 'description': 'Fade mean-reverting moves toward pin strike pre-expiry.', 'reason': 'Gamma/OI detected (246)'}, {'step': 4, 'description': 'Trade trend breakout post-expiry as dealer gamma flips/unwinds.', 'reason': 'Gamma/OI detected (246)'}]",6,7248,9.7
Fusion Node—Liquidity + Gamma + Time,2024-08-02 09:44:00,3/4 conditions met: Key time window (hour: 9.733333333333333); Gamma/OI detected (152); Key time window (hour: 9.733333333333333),Highest,4101.322257637801,Black Box / Microstructure,"Fusion, Gamma, Liquidity, Time, Confluence",3,triggered,4,"[{'step': 1, 'description': 'Overlay all macro liquidity levels (OBs, FVGs, session levels).', 'reason': 'Key time window (hour: 9.733333333333333)'}, {'step': 2, 'description': 'Mark gamma pins and major expiry levels.', 'reason': 'Gamma/OI detected (152)'}, {'step': 3, 'description': 'Identify exact time window (e.g., 10am, 2:30pm) for confluence.', 'reason': 'Key time window (hour: 9.733333333333333)'}]",7,4027,9.733333333333333
Gamma Pin / Dealer Magnet Edge,2024-08-02 09:44:00,4/4 conditions met: Gamma/OI detected (152); Gamma/OI detected (152); Gamma/OI detected (152),High (with data),4101.322257637801,Black Box / Microstructure,"Gamma, OI, Pin, Dealer, Expiry",4,triggered,4,"[{'step': 1, 'description': 'Download OI/gamma by strike for main asset (SPX, NQ, ES, etc.).', 'reason': 'Gamma/OI detected (152)'}, {'step': 2, 'description': 'Overlay strike OI on price/time chart.', 'reason': 'Gamma/OI detected (152)'}, {'step': 3, 'description': 'Fade mean-reverting moves toward pin strike pre-expiry.', 'reason': 'Gamma/OI detected (152)'}, {'step': 4, 'description': 'Trade trend breakout post-expiry as dealer gamma flips/unwinds.', 'reason': 'Gamma/OI detected (152)'}]",7,4027,9.733333333333333
Fusion Node—Liquidity + Gamma + Time,2024-08-02 09:46:00,4/4 conditions met: Key time window (hour: 9.766666666666667); Gamma/OI detected (180); Key time window (hour: 9.766666666666667),Highest,4101.18141532202,Black Box / Microstructure,"Fusion, Gamma, Liquidity, Time, Confluence",4,triggered,4,"[{'step': 1, 'description': 'Overlay all macro liquidity levels (OBs, FVGs, session levels).', 'reason': 'Key time window (hour: 9.766666666666667)'}, {'step': 2, 'description': 'Mark gamma pins and major expiry levels.', 'reason': 'Gamma/OI detected (180)'}, {'step': 3, 'description': 'Identify exact time window (e.g., 10am, 2:30pm) for confluence.', 'reason': 'Key time window (hour: 9.766666666666667)'}, {'step': 4, 'description': 'Enter only at full alignment; size up and exit on strong reaction.', 'reason': 'Multiple factor confluence (2 factors)'}]",8,4695,9.766666666666667
Gamma Pin / Dealer Magnet Edge,2024-08-02 09:46:00,4/4 conditions met: Gamma/OI detected (180); Gamma/OI detected (180); Gamma/OI detected (180),High (with data),4101.18141532202,Black Box / Microstructure,"Gamma, OI, Pin, Dealer, Expiry",4,triggered,4,"[{'step': 1, 'description': 'Download OI/gamma by strike for main asset (SPX, NQ, ES, etc.).', 'reason': 'Gamma/OI detected (180)'}, {'step': 2, 'description': 'Overlay strike OI on price/time chart.', 'reason': 'Gamma/OI detected (180)'}, {'step': 3, 'description': 'Fade mean-reverting moves toward pin strike pre-expiry.', 'reason': 'Gamma/OI detected (180)'}, {'step': 4, 'description': 'Trade trend breakout post-expiry as dealer gamma flips/unwinds.', 'reason': 'Gamma/OI detected (180)'}]",8,4695,9.766666666666667
Fusion Node—Liquidity + Gamma + Time,2024-08-02 09:48:00,3/4 conditions met: Key time window (hour: 9.8); Gamma/OI detected (38); Key time window (hour: 9.8),Highest,4101.344183335096,Black Box / Microstructure,"Fusion, Gamma, Liquidity, Time, Confluence",3,triggered,4,"[{'step': 1, 'description': 'Overlay all macro liquidity levels (OBs, FVGs, session levels).', 'reason': 'Key time window (hour: 9.8)'}, {'step': 2, 'description': 'Mark gamma pins and major expiry levels.', 'reason': 'Gamma/OI detected (38)'}, {'step': 3, 'description': 'Identify exact time window (e.g., 10am, 2:30pm) for confluence.', 'reason': 'Key time window (hour: 9.8)'}]",9,3495,9.8
Gamma Pin / Dealer Magnet Edge,2024-08-02 09:48:00,4/4 conditions met: Gamma/OI detected (38); Gamma/OI detected (38); Gamma/OI detected (38),High (with data),4101.344183335096,Black Box / Microstructure,"Gamma, OI, Pin, Dealer, Expiry",4,triggered,4,"[{'step': 1, 'description': 'Download OI/gamma by strike for main asset (SPX, NQ, ES, etc.).', 'reason': 'Gamma/OI detected (38)'}, {'step': 2, 'description': 'Overlay strike OI on price/time chart.', 'reason': 'Gamma/OI detected (38)'}, {'step': 3, 'description': 'Fade mean-reverting moves toward pin strike pre-expiry.', 'reason': 'Gamma/OI detected (38)'}, {'step': 4, 'description': 'Trade trend breakout post-expiry as dealer gamma flips/unwinds.', 'reason': 'Gamma/OI detected (38)'}]",9,3495,9.8
Fusion Node—Liquidity + Gamma + Time,2024-08-02 09:50:00,4/4 conditions met: Key time window (hour: 9.833333333333334); Gamma/OI detected (45); Key time window (hour: 9.833333333333334),Highest,4101.205158027253,Black Box / Microstructure,"Fusion, Gamma, Liquidity, Time, Confluence",4,triggered,4,"[{'step': 1, 'description': 'Overlay all macro liquidity levels (OBs, FVGs, session levels).', 'reason': 'Key time window (hour: 9.833333333333334)'}, {'step': 2, 'description': 'Mark gamma pins and major expiry levels.', 'reason': 'Gamma/OI detected (45)'}, {'step': 3, 'description': 'Identify exact time window (e.g., 10am, 2:30pm) for confluence.', 'reason': 'Key time window (hour: 9.833333333333334)'}, {'step': 4, 'description': 'Enter only at full alignment; size up and exit on strong reaction.', 'reason': 'Multiple factor confluence (2 factors)'}]",10,7258,9.833333333333334
Gamma Pin / Dealer Magnet Edge,2024-08-02 09:50:00,4/4 conditions met: Gamma/OI detected (45); Gamma/OI detected (45); Gamma/OI detected (45),High (with data),4101.205158027253,Black Box / Microstructure,"Gamma, OI, Pin, Dealer, Expiry",4,triggered,4,"[{'step': 1, 'description': 'Download OI/gamma by strike for main asset (SPX, NQ, ES, etc.).', 'reason': 'Gamma/OI detected (45)'}, {'step': 2, 'description': 'Overlay strike OI on price/time chart.', 'reason': 'Gamma/OI detected (45)'}, {'step': 3, 'description': 'Fade mean-reverting moves toward pin strike pre-expiry.', 'reason': 'Gamma/OI detected (45)'}, {'step': 4, 'description': 'Trade trend breakout post-expiry as dealer gamma flips/unwinds.', 'reason': 'Gamma/OI detected (45)'}]",10,7258,9.833333333333334
Fusion Node—Liquidity + Gamma + Time,2024-08-02 09:52:00,4/4 conditions met: Key time window (hour: 9.866666666666667); Gamma/OI detected (22); Key time window (hour: 9.866666666666667),Highest,4101.065439101181,Black Box / Microstructure,"Fusion, Gamma, Liquidity, Time, Confluence",4,triggered,4,"[{'step': 1, 'description': 'Overlay all macro liquidity levels (OBs, FVGs, session levels).', 'reason': 'Key time window (hour: 9.866666666666667)'}, {'step': 2, 'description': 'Mark gamma pins and major expiry levels.', 'reason': 'Gamma/OI detected (22)'}, {'step': 3, 'description': 'Identify exact time window (e.g., 10am, 2:30pm) for confluence.', 'reason': 'Key time window (hour: 9.866666666666667)'}, {'step': 4, 'description': 'Enter only at full alignment; size up and exit on strong reaction.', 'reason': 'Multiple factor confluence (2 factors)'}]",11,7618,9.866666666666667
Gamma Pin / Dealer Magnet Edge,2024-08-02 09:52:00,4/4 conditions met: Gamma/OI detected (22); Gamma/OI detected (22); Gamma/OI detected (22),High (with data),4101.065439101181,Black Box / Microstructure,"Gamma, OI, Pin, Dealer, Expiry",4,triggered,4,"[{'step': 1, 'description': 'Download OI/gamma by strike for main asset (SPX, NQ, ES, etc.).', 'reason': 'Gamma/OI detected (22)'}, {'step': 2, 'description': 'Overlay strike OI on price/time chart.', 'reason': 'Gamma/OI detected (22)'}, {'step': 3, 'description': 'Fade mean-reverting moves toward pin strike pre-expiry.', 'reason': 'Gamma/OI detected (22)'}, {'step': 4, 'description': 'Trade trend breakout post-expiry as dealer gamma flips/unwinds.', 'reason': 'Gamma/OI detected (22)'}]",11,7618,9.866666666666667
Block Order Footprint Detection,2024-08-02 09:54:00,"3/4 conditions met: Large print/block detected (size: 8000.0, vol: 2391); Volume/footprint activity (spike: False, clusters: 1); Gamma/OI detected (169)",High,4101.138027782651,Black Box / Microstructure,"Block, Footprint, Breakout, Absorption",3,triggered,4,"[{'step': 1, 'description': 'Mark levels with persistent large prints and small net range.', 'reason': 'Large print/block detected (size: 8000.0, vol: 2391)'}, {'step': 2, 'description': 'Enter on expansion after final absorption or “push.”', 'reason': 'Volume/footprint activity (spike: False, clusters: 1)'}, {'step': 3, 'description': 'Confirm direction with OI delta or footprint chart.', 'reason': 'Gamma/OI detected (169)'}]",12,2391,9.9
Fusion Node—Liquidity + Gamma + Time,2024-08-02 09:54:00,3/4 conditions met: Key time window (hour: 9.9); Gamma/OI detected (169); Key time window (hour: 9.9),Highest,4101.138027782651,Black Box / Microstructure,"Fusion, Gamma, Liquidity, Time, Confluence",3,triggered,4,"[{'step': 1, 'description': 'Overlay all macro liquidity levels (OBs, FVGs, session levels).', 'reason': 'Key time window (hour: 9.9)'}, {'step': 2, 'description': 'Mark gamma pins and major expiry levels.', 'reason': 'Gamma/OI detected (169)'}, {'step': 3, 'description': 'Identify exact time window (e.g., 10am, 2:30pm) for confluence.', 'reason': 'Key time window (hour: 9.9)'}]",12,2391,9.9
Dark Pool Signature / Block Print Node,2024-08-02 09:54:00,"3/4 conditions met: Large print/block detected (size: 8000.0, vol: 2391); Volume/footprint activity (spike: False, clusters: 1); Large print/block detected (size: 8000.0, vol: 2391)",High,4101.138027782651,Black Box / Microstructure,"Dark Pool, Block, VWAP, Tape",3,triggered,4,"[{'step': 1, 'description': 'Monitor time & sales for large prints off-market or odd-lot prints at key levels.', 'reason': 'Large print/block detected (size: 8000.0, vol: 2391)'}, {'step': 2, 'description': 'Watch for volume surges with minimal visible size on Level 2.', 'reason': 'Volume/footprint activity (spike: False, clusters: 1)'}, {'step': 4, 'description': 'Log block prints and follow-through for pattern analysis.', 'reason': 'Large print/block detected (size: 8000.0, vol: 2391)'}]",12,2391,9.9
Gamma Pin / Dealer Magnet Edge,2024-08-02 09:54:00,4/4 conditions met: Gamma/OI detected (169); Gamma/OI detected (169); Gamma/OI detected (169),High (with data),4101.138027782651,Black Box / Microstructure,"Gamma, OI, Pin, Dealer, Expiry",4,triggered,4,"[{'step': 1, 'description': 'Download OI/gamma by strike for main asset (SPX, NQ, ES, etc.).', 'reason': 'Gamma/OI detected (169)'}, {'step': 2, 'description': 'Overlay strike OI on price/time chart.', 'reason': 'Gamma/OI detected (169)'}, {'step': 3, 'description': 'Fade mean-reverting moves toward pin strike pre-expiry.', 'reason': 'Gamma/OI detected (169)'}, {'step': 4, 'description': 'Trade trend breakout post-expiry as dealer gamma flips/unwinds.', 'reason': 'Gamma/OI detected (169)'}]",12,2391,9.9
Fusion Node—Liquidity + Gamma + Time,2024-08-02 09:56:00,4/4 conditions met: Key time window (hour: 9.933333333333334); Gamma/OI detected (336); Key time window (hour: 9.933333333333334),Highest,4100.564043709254,Black Box / Microstructure,"Fusion, Gamma, Liquidity, Time, Confluence",4,triggered,4,"[{'step': 1, 'description': 'Overlay all macro liquidity levels (OBs, FVGs, session levels).', 'reason': 'Key time window (hour: 9.933333333333334)'}, {'step': 2, 'description': 'Mark gamma pins and major expiry levels.', 'reason': 'Gamma/OI detected (336)'}, {'step': 3, 'description': 'Identify exact time window (e.g., 10am, 2:30pm) for confluence.', 'reason': 'Key time window (hour: 9.933333333333334)'}, {'step': 4, 'description': 'Enter only at full alignment; size up and exit on strong reaction.', 'reason': 'Multiple factor confluence (2 factors)'}]",13,7794,9.933333333333334
Gamma Pin / Dealer Magnet Edge,2024-08-02 09:56:00,4/4 conditions met: Gamma/OI detected (336); Gamma/OI detected (336); Gamma/OI detected (336),High (with data),4100.564043709254,Black Box / Microstructure,"Gamma, OI, Pin, Dealer, Expiry",4,triggered,4,"[{'step': 1, 'description': 'Download OI/gamma by strike for main asset (SPX, NQ, ES, etc.).', 'reason': 'Gamma/OI detected (336)'}, {'step': 2, 'description': 'Overlay strike OI on price/time chart.', 'reason': 'Gamma/OI detected (336)'}, {'step': 3, 'description': 'Fade mean-reverting moves toward pin strike pre-expiry.', 'reason': 'Gamma/OI detected (336)'}, {'step': 4, 'description': 'Trade trend breakout post-expiry as dealer gamma flips/unwinds.', 'reason': 'Gamma/OI detected (336)'}]",13,7794,9.933333333333334
Fusion Node—Liquidity + Gamma + Time,2024-08-02 09:58:00,4/4 conditions met: Key time window (hour: 9.966666666666667); Gamma/OI detected (196); Key time window (hour: 9.966666666666667),Highest,4100.0465683595,Black Box / Microstructure,"Fusion, Gamma, Liquidity, Time, Confluence",4,triggered,4,"[{'step': 1, 'description': 'Overlay all macro liquidity levels (OBs, FVGs, session levels).', 'reason': 'Key time window (hour: 9.966666666666667)'}, {'step': 2, 'description': 'Mark gamma pins and major expiry levels.', 'reason': 'Gamma/OI detected (196)'}, {'step': 3, 'description': 'Identify exact time window (e.g., 10am, 2:30pm) for confluence.', 'reason': 'Key time window (hour: 9.966666666666667)'}, {'step': 4, 'description': 'Enter only at full alignment; size up and exit on strong reaction.', 'reason': 'Multiple factor confluence (2 factors)'}]",14,6514,9.966666666666667
Gamma Pin / Dealer Magnet Edge,2024-08-02 09:58:00,4/4 conditions met: Gamma/OI detected (196); Gamma/OI detected (196); Gamma/OI detected (196),High (with data),4100.0465683595,Black Box / Microstructure,"Gamma, OI, Pin, Dealer, Expiry",4,triggered,4,"[{'step': 1, 'description': 'Download OI/gamma by strike for main asset (SPX, NQ, ES, etc.).', 'reason': 'Gamma/OI detected (196)'}, {'step': 2, 'description': 'Overlay strike OI on price/time chart.', 'reason': 'Gamma/OI detected (196)'}, {'step': 3, 'description': 'Fade mean-reverting moves toward pin strike pre-expiry.', 'reason': 'Gamma/OI detected (196)'}, {'step': 4, 'description': 'Trade trend breakout post-expiry as dealer gamma flips/unwinds.', 'reason': 'Gamma/OI detected (196)'}]",14,6514,9.966666666666667
Fusion Node—Liquidity + Gamma + Time,2024-08-02 10:00:00,4/4 conditions met: Key time window (hour: 10.0); Gamma/OI detected (252); Key time window (hour: 10.0),Highest,4099.877882100728,Black Box / Microstructure,"Fusion, Gamma, Liquidity, Time, Confluence",4,triggered,4,"[{'step': 1, 'description': 'Overlay all macro liquidity levels (OBs, FVGs, session levels).', 'reason': 'Key time window (hour: 10.0)'}, {'step': 2, 'description': 'Mark gamma pins and major expiry levels.', 'reason': 'Gamma/OI detected (252)'}, {'step': 3, 'description': 'Identify exact time window (e.g., 10am, 2:30pm) for confluence.', 'reason': 'Key time window (hour: 10.0)'}, {'step': 4, 'description': 'Enter only at full alignment; size up and exit on strong reaction.', 'reason': 'Multiple factor confluence (2 factors)'}]",15,6474,10.0
Gamma Pin / Dealer Magnet Edge,2024-08-02 10:00:00,4/4 conditions met: Gamma/OI detected (252); Gamma/OI detected (252); Gamma/OI detected (252),High (with data),4099.877882100728,Black Box / Microstructure,"Gamma, OI, Pin, Dealer, Expiry",4,triggered,4,"[{'step': 1, 'description': 'Download OI/gamma by strike for main asset (SPX, NQ, ES, etc.).', 'reason': 'Gamma/OI detected (252)'}, {'step': 2, 'description': 'Overlay strike OI on price/time chart.', 'reason': 'Gamma/OI detected (252)'}, {'step': 3, 'description': 'Fade mean-reverting moves toward pin strike pre-expiry.', 'reason': 'Gamma/OI detected (252)'}, {'step': 4, 'description': 'Trade trend breakout post-expiry as dealer gamma flips/unwinds.', 'reason': 'Gamma/OI detected (252)'}]",15,6474,10.0
Fusion Node—Liquidity + Gamma + Time,2024-08-02 10:02:00,4/4 conditions met: Key time window (hour: 10.033333333333333); Gamma/OI detected (95); Key time window (hour: 10.033333333333333),Highest,4099.574032764627,Black Box / Microstructure,"Fusion, Gamma, Liquidity, Time, Confluence",4,triggered,4,"[{'step': 1, 'description': 'Overlay all macro liquidity levels (OBs, FVGs, session levels).', 'reason': 'Key time window (hour: 10.033333333333333)'}, {'step': 2, 'description': 'Mark gamma pins and major expiry levels.', 'reason': 'Gamma/OI detected (95)'}, {'step': 3, 'description': 'Identify exact time window (e.g., 10am, 2:30pm) for confluence.', 'reason': 'Key time window (hour: 10.033333333333333)'}, {'step': 4, 'description': 'Enter only at full alignment; size up and exit on strong reaction.', 'reason': 'Multiple factor confluence (2 factors)'}]",16,7892,10.033333333333333
Gamma Pin / Dealer Magnet Edge,2024-08-02 10:02:00,4/4 conditions met: Gamma/OI detected (95); Gamma/OI detected (95); Gamma/OI detected (95),High (with data),4099.574032764627,Black Box / Microstructure,"Gamma, OI, Pin, Dealer, Expiry",4,triggered,4,"[{'step': 1, 'description': 'Download OI/gamma by strike for main asset (SPX, NQ, ES, etc.).', 'reason': 'Gamma/OI detected (95)'}, {'step': 2, 'description': 'Overlay strike OI on price/time chart.', 'reason': 'Gamma/OI detected (95)'}, {'step': 3, 'description': 'Fade mean-reverting moves toward pin strike pre-expiry.', 'reason': 'Gamma/OI detected (95)'}, {'step': 4, 'description': 'Trade trend breakout post-expiry as dealer gamma flips/unwinds.', 'reason': 'Gamma/OI detected (95)'}]",16,7892,10.033333333333333
Fusion Node—Liquidity + Gamma + Time,2024-08-02 10:04:00,4/4 conditions met: Key time window (hour: 10.066666666666666); Gamma/OI detected (293); Key time window (hour: 10.066666666666666),Highest,4099.668306964406,Black Box / Microstructure,"Fusion, Gamma, Liquidity, Time, Confluence",4,triggered,4,"[{'step': 1, 'description': 'Overlay all macro liquidity levels (OBs, FVGs, session levels).', 'reason': 'Key time window (hour: 10.066666666666666)'}, {'step': 2, 'description': 'Mark gamma pins and major expiry levels.', 'reason': 'Gamma/OI detected (293)'}, {'step': 3, 'description': 'Identify exact time window (e.g., 10am, 2:30pm) for confluence.', 'reason': 'Key time window (hour: 10.066666666666666)'}, {'step': 4, 'description': 'Enter only at full alignment; size up and exit on strong reaction.', 'reason': 'Multiple factor confluence (2 factors)'}]",17,5561,10.066666666666666
Gamma Pin / Dealer Magnet Edge,2024-08-02 10:04:00,4/4 conditions met: Gamma/OI detected (293); Gamma/OI detected (293); Gamma/OI detected (293),High (with data),4099.668306964406,Black Box / Microstructure,"Gamma, OI, Pin, Dealer, Expiry",4,triggered,4,"[{'step': 1, 'description': 'Download OI/gamma by strike for main asset (SPX, NQ, ES, etc.).', 'reason': 'Gamma/OI detected (293)'}, {'step': 2, 'description': 'Overlay strike OI on price/time chart.', 'reason': 'Gamma/OI detected (293)'}, {'step': 3, 'description': 'Fade mean-reverting moves toward pin strike pre-expiry.', 'reason': 'Gamma/OI detected (293)'}, {'step': 4, 'description': 'Trade trend breakout post-expiry as dealer gamma flips/unwinds.', 'reason': 'Gamma/OI detected (293)'}]",17,5561,10.066666666666666
Fusion Node—Liquidity + Gamma + Time,2024-08-02 10:06:00,4/4 conditions met: Key time window (hour: 10.1); Gamma/OI detected (75); Key time window (hour: 10.1),Highest,4099.395899741749,Black Box / Microstructure,"Fusion, Gamma, Liquidity, Time, Confluence",4,triggered,4,"[{'step': 1, 'description': 'Overlay all macro liquidity levels (OBs, FVGs, session levels).', 'reason': 'Key time window (hour: 10.1)'}, {'step': 2, 'description': 'Mark gamma pins and major expiry levels.', 'reason': 'Gamma/OI detected (75)'}, {'step': 3, 'description': 'Identify exact time window (e.g., 10am, 2:30pm) for confluence.', 'reason': 'Key time window (hour: 10.1)'}, {'step': 4, 'description': 'Enter only at full alignment; size up and exit on strong reaction.', 'reason': 'Multiple factor confluence (2 factors)'}]",18,4278,10.1
Gamma Pin / Dealer Magnet Edge,2024-08-02 10:06:00,4/4 conditions met: Gamma/OI detected (75); Gamma/OI detected (75); Gamma/OI detected (75),High (with data),4099.395899741749,Black Box / Microstructure,"Gamma, OI, Pin, Dealer, Expiry",4,triggered,4,"[{'step': 1, 'description': 'Download OI/gamma by strike for main asset (SPX, NQ, ES, etc.).', 'reason': 'Gamma/OI detected (75)'}, {'step': 2, 'description': 'Overlay strike OI on price/time chart.', 'reason': 'Gamma/OI detected (75)'}, {'step': 3, 'description': 'Fade mean-reverting moves toward pin strike pre-expiry.', 'reason': 'Gamma/OI detected (75)'}, {'step': 4, 'description': 'Trade trend breakout post-expiry as dealer gamma flips/unwinds.', 'reason': 'Gamma/OI detected (75)'}]",18,4278,10.1
Fusion Node—Liquidity + Gamma + Time,2024-08-02 10:08:00,4/4 conditions met: Key time window (hour: 10.133333333333333); Gamma/OI detected (179); Key time window (hour: 10.133333333333333),Highest,4098.972208631349,Black Box / Microstructure,"Fusion, Gamma, Liquidity, Time, Confluence",4,triggered,4,"[{'step': 1, 'description': 'Overlay all macro liquidity levels (OBs, FVGs, session levels).', 'reason': 'Key time window (hour: 10.133333333333333)'}, {'step': 2, 'description': 'Mark gamma pins and major expiry levels.', 'reason': 'Gamma/OI detected (179)'}, {'step': 3, 'description': 'Identify exact time window (e.g., 10am, 2:30pm) for confluence.', 'reason': 'Key time window (hour: 10.133333333333333)'}, {'step': 4, 'description': 'Enter only at full alignment; size up and exit on strong reaction.', 'reason': 'Multiple factor confluence (2 factors)'}]",19,5099,10.133333333333333
Gamma Pin / Dealer Magnet Edge,2024-08-02 10:08:00,4/4 conditions met: Gamma/OI detected (179); Gamma/OI detected (179); Gamma/OI detected (179),High (with data),4098.972208631349,Black Box / Microstructure,"Gamma, OI, Pin, Dealer, Expiry",4,triggered,4,"[{'step': 1, 'description': 'Download OI/gamma by strike for main asset (SPX, NQ, ES, etc.).', 'reason': 'Gamma/OI detected (179)'}, {'step': 2, 'description': 'Overlay strike OI on price/time chart.', 'reason': 'Gamma/OI detected (179)'}, {'step': 3, 'description': 'Fade mean-reverting moves toward pin strike pre-expiry.', 'reason': 'Gamma/OI detected (179)'}, {'step': 4, 'description': 'Trade trend breakout post-expiry as dealer gamma flips/unwinds.', 'reason': 'Gamma/OI detected (179)'}]",19,5099,10.133333333333333
Block Order Footprint Detection,2024-08-02 10:10:00,"3/4 conditions met: Large print/block detected (size: 5000.0, vol: 2200); Volume/footprint activity (spike: False, clusters: 3); Gamma/OI detected (1500)",High,4099.411903262026,Black Box / Microstructure,"Block, Footprint, Breakout, Absorption",3,triggered,4,"[{'step': 1, 'description': 'Mark levels with persistent large prints and small net range.', 'reason': 'Large print/block detected (size: 5000.0, vol: 2200)'}, {'step': 2, 'description': 'Enter on expansion after final absorption or “push.”', 'reason': 'Volume/footprint activity (spike: False, clusters: 3)'}, {'step': 3, 'description': 'Confirm direction with OI delta or footprint chart.', 'reason': 'Gamma/OI detected (1500)'}]",20,2200,10.166666666666666
Fusion Node—Liquidity + Gamma + Time,2024-08-02 10:10:00,3/4 conditions met: Key time window (hour: 10.166666666666666); Gamma/OI detected (1500); Key time window (hour: 10.166666666666666),Highest,4099.411903262026,Black Box / Microstructure,"Fusion, Gamma, Liquidity, Time, Confluence",3,triggered,4,"[{'step': 1, 'description': 'Overlay all macro liquidity levels (OBs, FVGs, session levels).', 'reason': 'Key time window (hour: 10.166666666666666)'}, {'step': 2, 'description': 'Mark gamma pins and major expiry levels.', 'reason': 'Gamma/OI detected (1500)'}, {'step': 3, 'description': 'Identify exact time window (e.g., 10am, 2:30pm) for confluence.', 'reason': 'Key time window (hour: 10.166666666666666)'}]",20,2200,10.166666666666666
Dark Pool Signature / Block Print Node,2024-08-02 10:10:00,"3/4 conditions met: Large print/block detected (size: 5000.0, vol: 2200); Volume/footprint activity (spike: False, clusters: 3); Large print/block detected (size: 5000.0, vol: 2200)",High,4099.411903262026,Black Box / Microstructure,"Dark Pool, Block, VWAP, Tape",3,triggered,4,"[{'step': 1, 'description': 'Monitor time & sales for large prints off-market or odd-lot prints at key levels.', 'reason': 'Large print/block detected (size: 5000.0, vol: 2200)'}, {'step': 2, 'description': 'Watch for volume surges with minimal visible size on Level 2.', 'reason': 'Volume/footprint activity (spike: False, clusters: 3)'}, {'step': 4, 'description': 'Log block prints and follow-through for pattern analysis.', 'reason': 'Large print/block detected (size: 5000.0, vol: 2200)'}]",20,2200,10.166666666666666
Gamma Pin / Dealer Magnet Edge,2024-08-02 10:10:00,4/4 conditions met: Gamma/OI detected (1500); Gamma/OI detected (1500); Gamma/OI detected (1500),High (with data),4099.411903262026,Black Box / Microstructure,"Gamma, OI, Pin, Dealer, Expiry",4,triggered,4,"[{'step': 1, 'description': 'Download OI/gamma by strike for main asset (SPX, NQ, ES, etc.).', 'reason': 'Gamma/OI detected (1500)'}, {'step': 2, 'description': 'Overlay strike OI on price/time chart.', 'reason': 'Gamma/OI detected (1500)'}, {'step': 3, 'description': 'Fade mean-reverting moves toward pin strike pre-expiry.', 'reason': 'Gamma/OI detected (1500)'}, {'step': 4, 'description': 'Trade trend breakout post-expiry as dealer gamma flips/unwinds.', 'reason': 'Gamma/OI detected (1500)'}]",20,2200,10.166666666666666
Fusion Node—Liquidity + Gamma + Time,2024-08-02 10:12:00,4/4 conditions met: Key time window (hour: 10.2); Gamma/OI detected (71); Key time window (hour: 10.2),Highest,4099.34417037188,Black Box / Microstructure,"Fusion, Gamma, Liquidity, Time, Confluence",4,triggered,4,"[{'step': 1, 'description': 'Overlay all macro liquidity levels (OBs, FVGs, session levels).', 'reason': 'Key time window (hour: 10.2)'}, {'step': 2, 'description': 'Mark gamma pins and major expiry levels.', 'reason': 'Gamma/OI detected (71)'}, {'step': 3, 'description': 'Identify exact time window (e.g., 10am, 2:30pm) for confluence.', 'reason': 'Key time window (hour: 10.2)'}, {'step': 4, 'description': 'Enter only at full alignment; size up and exit on strong reaction.', 'reason': 'Multiple factor confluence (2 factors)'}]",21,7959,10.2
Gamma Pin / Dealer Magnet Edge,2024-08-02 10:12:00,4/4 conditions met: Gamma/OI detected (71); Gamma/OI detected (71); Gamma/OI detected (71),High (with data),4099.34417037188,Black Box / Microstructure,"Gamma, OI, Pin, Dealer, Expiry",4,triggered,4,"[{'step': 1, 'description': 'Download OI/gamma by strike for main asset (SPX, NQ, ES, etc.).', 'reason': 'Gamma/OI detected (71)'}, {'step': 2, 'description': 'Overlay strike OI on price/time chart.', 'reason': 'Gamma/OI detected (71)'}, {'step': 3, 'description': 'Fade mean-reverting moves toward pin strike pre-expiry.', 'reason': 'Gamma/OI detected (71)'}, {'step': 4, 'description': 'Trade trend breakout post-expiry as dealer gamma flips/unwinds.', 'reason': 'Gamma/OI detected (71)'}]",21,7959,10.2
Fusion Node—Liquidity + Gamma + Time,2024-08-02 10:14:00,4/4 conditions met: Key time window (hour: 10.233333333333333); Gamma/OI detected (450); Key time window (hour: 10.233333333333333),Highest,4099.364428833286,Black Box / Microstructure,"Fusion, Gamma, Liquidity, Time, Confluence",4,triggered,4,"[{'step': 1, 'description': 'Overlay all macro liquidity levels (OBs, FVGs, session levels).', 'reason': 'Key time window (hour: 10.233333333333333)'}, {'step': 2, 'description': 'Mark gamma pins and major expiry levels.', 'reason': 'Gamma/OI detected (450)'}, {'step': 3, 'description': 'Identify exact time window (e.g., 10am, 2:30pm) for confluence.', 'reason': 'Key time window (hour: 10.233333333333333)'}, {'step': 4, 'description': 'Enter only at full alignment; size up and exit on strong reaction.', 'reason': 'Multiple factor confluence (2 factors)'}]",22,6875,10.233333333333333
Gamma Pin / Dealer Magnet Edge,2024-08-02 10:14:00,4/4 conditions met: Gamma/OI detected (450); Gamma/OI detected (450); Gamma/OI detected (450),High (with data),4099.364428833286,Black Box / Microstructure,"Gamma, OI, Pin, Dealer, Expiry",4,triggered,4,"[{'step': 1, 'description': 'Download OI/gamma by strike for main asset (SPX, NQ, ES, etc.).', 'reason': 'Gamma/OI detected (450)'}, {'step': 2, 'description': 'Overlay strike OI on price/time chart.', 'reason': 'Gamma/OI detected (450)'}, {'step': 3, 'description': 'Fade mean-reverting moves toward pin strike pre-expiry.', 'reason': 'Gamma/OI detected (450)'}, {'step': 4, 'description': 'Trade trend breakout post-expiry as dealer gamma flips/unwinds.', 'reason': 'Gamma/OI detected (450)'}]",22,6875,10.233333333333333
Fusion Node—Liquidity + Gamma + Time,2024-08-02 10:16:00,4/4 conditions met: Key time window (hour: 10.266666666666667); Gamma/OI detected (143); Key time window (hour: 10.266666666666667),Highest,4098.9370043774215,Black Box / Microstructure,"Fusion, Gamma, Liquidity, Time, Confluence",4,triggered,4,"[{'step': 1, 'description': 'Overlay all macro liquidity levels (OBs, FVGs, session levels).', 'reason': 'Key time window (hour: 10.266666666666667)'}, {'step': 2, 'description': 'Mark gamma pins and major expiry levels.', 'reason': 'Gamma/OI detected (143)'}, {'step': 3, 'description': 'Identify exact time window (e.g., 10am, 2:30pm) for confluence.', 'reason': 'Key time window (hour: 10.266666666666667)'}, {'step': 4, 'description': 'Enter only at full alignment; size up and exit on strong reaction.', 'reason': 'Multiple factor confluence (2 factors)'}]",23,5104,10.266666666666667
Gamma Pin / Dealer Magnet Edge,2024-08-02 10:16:00,4/4 conditions met: Gamma/OI detected (143); Gamma/OI detected (143); Gamma/OI detected (143),High (with data),4098.9370043774215,Black Box / Microstructure,"Gamma, OI, Pin, Dealer, Expiry",4,triggered,4,"[{'step': 1, 'description': 'Download OI/gamma by strike for main asset (SPX, NQ, ES, etc.).', 'reason': 'Gamma/OI detected (143)'}, {'step': 2, 'description': 'Overlay strike OI on price/time chart.', 'reason': 'Gamma/OI detected (143)'}, {'step': 3, 'description': 'Fade mean-reverting moves toward pin strike pre-expiry.', 'reason': 'Gamma/OI detected (143)'}, {'step': 4, 'description': 'Trade trend breakout post-expiry as dealer gamma flips/unwinds.', 'reason': 'Gamma/OI detected (143)'}]",23,5104,10.266666666666667
Fusion Node—Liquidity + Gamma + Time,2024-08-02 10:18:00,4/4 conditions met: Key time window (hour: 10.3); Gamma/OI detected (293); Key time window (hour: 10.3),Highest,4098.773689560065,Black Box / Microstructure,"Fusion, Gamma, Liquidity, Time, Confluence",4,triggered,4,"[{'step': 1, 'description': 'Overlay all macro liquidity levels (OBs, FVGs, session levels).', 'reason': 'Key time window (hour: 10.3)'}, {'step': 2, 'description': 'Mark gamma pins and major expiry levels.', 'reason': 'Gamma/OI detected (293)'}, {'step': 3, 'description': 'Identify exact time window (e.g., 10am, 2:30pm) for confluence.', 'reason': 'Key time window (hour: 10.3)'}, {'step': 4, 'description': 'Enter only at full alignment; size up and exit on strong reaction.', 'reason': 'Multiple factor confluence (2 factors)'}]",24,6598,10.3
Gamma Pin / Dealer Magnet Edge,2024-08-02 10:18:00,4/4 conditions met: Gamma/OI detected (293); Gamma/OI detected (293); Gamma/OI detected (293),High (with data),4098.773689560065,Black Box / Microstructure,"Gamma, OI, Pin, Dealer, Expiry",4,triggered,4,"[{'step': 1, 'description': 'Download OI/gamma by strike for main asset (SPX, NQ, ES, etc.).', 'reason': 'Gamma/OI detected (293)'}, {'step': 2, 'description': 'Overlay strike OI on price/time chart.', 'reason': 'Gamma/OI detected (293)'}, {'step': 3, 'description': 'Fade mean-reverting moves toward pin strike pre-expiry.', 'reason': 'Gamma/OI detected (293)'}, {'step': 4, 'description': 'Trade trend breakout post-expiry as dealer gamma flips/unwinds.', 'reason': 'Gamma/OI detected (293)'}]",24,6598,10.3
Fusion Node—Liquidity + Gamma + Time,2024-08-02 10:20:00,4/4 conditions met: Key time window (hour: 10.333333333333334); Gamma/OI detected (37); Key time window (hour: 10.333333333333334),Highest,4098.806966336977,Black Box / Microstructure,"Fusion, Gamma, Liquidity, Time, Confluence",4,triggered,4,"[{'step': 1, 'description': 'Overlay all macro liquidity levels (OBs, FVGs, session levels).', 'reason': 'Key time window (hour: 10.333333333333334)'}, {'step': 2, 'description': 'Mark gamma pins and major expiry levels.', 'reason': 'Gamma/OI detected (37)'}, {'step': 3, 'description': 'Identify exact time window (e.g., 10am, 2:30pm) for confluence.', 'reason': 'Key time window (hour: 10.333333333333334)'}, {'step': 4, 'description': 'Enter only at full alignment; size up and exit on strong reaction.', 'reason': 'Multiple factor confluence (2 factors)'}]",25,4454,10.333333333333334
Gamma Pin / Dealer Magnet Edge,2024-08-02 10:20:00,4/4 conditions met: Gamma/OI detected (37); Gamma/OI detected (37); Gamma/OI detected (37),High (with data),4098.806966336977,Black Box / Microstructure,"Gamma, OI, Pin, Dealer, Expiry",4,triggered,4,"[{'step': 1, 'description': 'Download OI/gamma by strike for main asset (SPX, NQ, ES, etc.).', 'reason': 'Gamma/OI detected (37)'}, {'step': 2, 'description': 'Overlay strike OI on price/time chart.', 'reason': 'Gamma/OI detected (37)'}, {'step': 3, 'description': 'Fade mean-reverting moves toward pin strike pre-expiry.', 'reason': 'Gamma/OI detected (37)'}, {'step': 4, 'description': 'Trade trend breakout post-expiry as dealer gamma flips/unwinds.', 'reason': 'Gamma/OI detected (37)'}]",25,4454,10.333333333333334
Fusion Node—Liquidity + Gamma + Time,2024-08-02 10:22:00,4/4 conditions met: Key time window (hour: 10.366666666666667); Gamma/OI detected (117); Key time window (hour: 10.366666666666667),Highest,4098.461668263751,Black Box / Microstructure,"Fusion, Gamma, Liquidity, Time, Confluence",4,triggered,4,"[{'step': 1, 'description': 'Overlay all macro liquidity levels (OBs, FVGs, session levels).', 'reason': 'Key time window (hour: 10.366666666666667)'}, {'step': 2, 'description': 'Mark gamma pins and major expiry levels.', 'reason': 'Gamma/OI detected (117)'}, {'step': 3, 'description': 'Identify exact time window (e.g., 10am, 2:30pm) for confluence.', 'reason': 'Key time window (hour: 10.366666666666667)'}, {'step': 4, 'description': 'Enter only at full alignment; size up and exit on strong reaction.', 'reason': 'Multiple factor confluence (2 factors)'}]",26,5645,10.366666666666667
Gamma Pin / Dealer Magnet Edge,2024-08-02 10:22:00,4/4 conditions met: Gamma/OI detected (117); Gamma/OI detected (117); Gamma/OI detected (117),High (with data),4098.461668263751,Black Box / Microstructure,"Gamma, OI, Pin, Dealer, Expiry",4,triggered,4,"[{'step': 1, 'description': 'Download OI/gamma by strike for main asset (SPX, NQ, ES, etc.).', 'reason': 'Gamma/OI detected (117)'}, {'step': 2, 'description': 'Overlay strike OI on price/time chart.', 'reason': 'Gamma/OI detected (117)'}, {'step': 3, 'description': 'Fade mean-reverting moves toward pin strike pre-expiry.', 'reason': 'Gamma/OI detected (117)'}, {'step': 4, 'description': 'Trade trend breakout post-expiry as dealer gamma flips/unwinds.', 'reason': 'Gamma/OI detected (117)'}]",26,5645,10.366666666666667
Fusion Node—Liquidity + Gamma + Time,2024-08-02 10:24:00,4/4 conditions met: Key time window (hour: 10.4); Gamma/OI detected (53); Key time window (hour: 10.4),Highest,4098.574377669254,Black Box / Microstructure,"Fusion, Gamma, Liquidity, Time, Confluence",4,triggered,4,"[{'step': 1, 'description': 'Overlay all macro liquidity levels (OBs, FVGs, session levels).', 'reason': 'Key time window (hour: 10.4)'}, {'step': 2, 'description': 'Mark gamma pins and major expiry levels.', 'reason': 'Gamma/OI detected (53)'}, {'step': 3, 'description': 'Identify exact time window (e.g., 10am, 2:30pm) for confluence.', 'reason': 'Key time window (hour: 10.4)'}, {'step': 4, 'description': 'Enter only at full alignment; size up and exit on strong reaction.', 'reason': 'Multiple factor confluence (2 factors)'}]",27,7847,10.4
Gamma Pin / Dealer Magnet Edge,2024-08-02 10:24:00,4/4 conditions met: Gamma/OI detected (53); Gamma/OI detected (53); Gamma/OI detected (53),High (with data),4098.574377669254,Black Box / Microstructure,"Gamma, OI, Pin, Dealer, Expiry",4,triggered,4,"[{'step': 1, 'description': 'Download OI/gamma by strike for main asset (SPX, NQ, ES, etc.).', 'reason': 'Gamma/OI detected (53)'}, {'step': 2, 'description': 'Overlay strike OI on price/time chart.', 'reason': 'Gamma/OI detected (53)'}, {'step': 3, 'description': 'Fade mean-reverting moves toward pin strike pre-expiry.', 'reason': 'Gamma/OI detected (53)'}, {'step': 4, 'description': 'Trade trend breakout post-expiry as dealer gamma flips/unwinds.', 'reason': 'Gamma/OI detected (53)'}]",27,7847,10.4
Fusion Node—Liquidity + Gamma + Time,2024-08-02 10:26:00,3/4 conditions met: Key time window (hour: 10.433333333333334); Gamma/OI detected (349); Key time window (hour: 10.433333333333334),Highest,4098.394186062279,Black Box / Microstructure,"Fusion, Gamma, Liquidity, Time, Confluence",3,triggered,4,"[{'step': 1, 'description': 'Overlay all macro liquidity levels (OBs, FVGs, session levels).', 'reason': 'Key time window (hour: 10.433333333333334)'}, {'step': 2, 'description': 'Mark gamma pins and major expiry levels.', 'reason': 'Gamma/OI detected (349)'}, {'step': 3, 'description': 'Identify exact time window (e.g., 10am, 2:30pm) for confluence.', 'reason': 'Key time window (hour: 10.433333333333334)'}]",28,2804,10.433333333333334
Gamma Pin / Dealer Magnet Edge,2024-08-02 10:26:00,4/4 conditions met: Gamma/OI detected (349); Gamma/OI detected (349); Gamma/OI detected (349),High (with data),4098.394186062279,Black Box / Microstructure,"Gamma, OI, Pin, Dealer, Expiry",4,triggered,4,"[{'step': 1, 'description': 'Download OI/gamma by strike for main asset (SPX, NQ, ES, etc.).', 'reason': 'Gamma/OI detected (349)'}, {'step': 2, 'description': 'Overlay strike OI on price/time chart.', 'reason': 'Gamma/OI detected (349)'}, {'step': 3, 'description': 'Fade mean-reverting moves toward pin strike pre-expiry.', 'reason': 'Gamma/OI detected (349)'}, {'step': 4, 'description': 'Trade trend breakout post-expiry as dealer gamma flips/unwinds.', 'reason': 'Gamma/OI detected (349)'}]",28,2804,10.433333333333334
Fusion Node—Liquidity + Gamma + Time,2024-08-02 10:28:00,4/4 conditions met: Key time window (hour: 10.466666666666667); Gamma/OI detected (295); Key time window (hour: 10.466666666666667),Highest,4098.30667793734,Black Box / Microstructure,"Fusion, Gamma, Liquidity, Time, Confluence",4,triggered,4,"[{'step': 1, 'description': 'Overlay all macro liquidity levels (OBs, FVGs, session levels).', 'reason': 'Key time window (hour: 10.466666666666667)'}, {'step': 2, 'description': 'Mark gamma pins and major expiry levels.', 'reason': 'Gamma/OI detected (295)'}, {'step': 3, 'description': 'Identify exact time window (e.g., 10am, 2:30pm) for confluence.', 'reason': 'Key time window (hour: 10.466666666666667)'}, {'step': 4, 'description': 'Enter only at full alignment; size up and exit on strong reaction.', 'reason': 'Multiple factor confluence (2 factors)'}]",29,4731,10.466666666666667
Gamma Pin / Dealer Magnet Edge,2024-08-02 10:28:00,4/4 conditions met: Gamma/OI detected (295); Gamma/OI detected (295); Gamma/OI detected (295),High (with data),4098.30667793734,Black Box / Microstructure,"Gamma, OI, Pin, Dealer, Expiry",4,triggered,4,"[{'step': 1, 'description': 'Download OI/gamma by strike for main asset (SPX, NQ, ES, etc.).', 'reason': 'Gamma/OI detected (295)'}, {'step': 2, 'description': 'Overlay strike OI on price/time chart.', 'reason': 'Gamma/OI detected (295)'}, {'step': 3, 'description': 'Fade mean-reverting moves toward pin strike pre-expiry.', 'reason': 'Gamma/OI detected (295)'}, {'step': 4, 'description': 'Trade trend breakout post-expiry as dealer gamma flips/unwinds.', 'reason': 'Gamma/OI detected (295)'}]",29,4731,10.466666666666667
Block Order Footprint Detection,2024-08-02 10:30:00,"3/4 conditions met: Large print/block detected (size: 3000.0, vol: 7991); Volume/footprint activity (spike: False, clusters: 1); Gamma/OI detected (455)",High,4098.126165953672,Black Box / Microstructure,"Block, Footprint, Breakout, Absorption",3,triggered,4,"[{'step': 1, 'description': 'Mark levels with persistent large prints and small net range.', 'reason': 'Large print/block detected (size: 3000.0, vol: 7991)'}, {'step': 2, 'description': 'Enter on expansion after final absorption or “push.”', 'reason': 'Volume/footprint activity (spike: False, clusters: 1)'}, {'step': 3, 'description': 'Confirm direction with OI delta or footprint chart.', 'reason': 'Gamma/OI detected (455)'}]",30,7991,10.5
Dark Pool Signature / Block Print Node,2024-08-02 10:30:00,"3/4 conditions met: Large print/block detected (size: 3000.0, vol: 7991); Volume/footprint activity (spike: False, clusters: 1); Large print/block detected (size: 3000.0, vol: 7991)",High,4098.126165953672,Black Box / Microstructure,"Dark Pool, Block, VWAP, Tape",3,triggered,4,"[{'step': 1, 'description': 'Monitor time & sales for large prints off-market or odd-lot prints at key levels.', 'reason': 'Large print/block detected (size: 3000.0, vol: 7991)'}, {'step': 2, 'description': 'Watch for volume surges with minimal visible size on Level 2.', 'reason': 'Volume/footprint activity (spike: False, clusters: 1)'}, {'step': 4, 'description': 'Log block prints and follow-through for pattern analysis.', 'reason': 'Large print/block detected (size: 3000.0, vol: 7991)'}]",30,7991,10.5
Gamma Pin / Dealer Magnet Edge,2024-08-02 10:30:00,4/4 conditions met: Gamma/OI detected (455); Gamma/OI detected (455); Gamma/OI detected (455),High (with data),4098.126165953672,Black Box / Microstructure,"Gamma, OI, Pin, Dealer, Expiry",4,triggered,4,"[{'step': 1, 'description': 'Download OI/gamma by strike for main asset (SPX, NQ, ES, etc.).', 'reason': 'Gamma/OI detected (455)'}, {'step': 2, 'description': 'Overlay strike OI on price/time chart.', 'reason': 'Gamma/OI detected (455)'}, {'step': 3, 'description': 'Fade mean-reverting moves toward pin strike pre-expiry.', 'reason': 'Gamma/OI detected (455)'}, {'step': 4, 'description': 'Trade trend breakout post-expiry as dealer gamma flips/unwinds.', 'reason': 'Gamma/OI detected (455)'}]",30,7991,10.5
Gamma Pin / Dealer Magnet Edge,2024-08-02 10:32:00,4/4 conditions met: Gamma/OI detected (340); Gamma/OI detected (340); Gamma/OI detected (340),High (with data),4098.681849409025,Black Box / Microstructure,"Gamma, OI, Pin, Dealer, Expiry",4,triggered,4,"[{'step': 1, 'description': 'Download OI/gamma by strike for main asset (SPX, NQ, ES, etc.).', 'reason': 'Gamma/OI detected (340)'}, {'step': 2, 'description': 'Overlay strike OI on price/time chart.', 'reason': 'Gamma/OI detected (340)'}, {'step': 3, 'description': 'Fade mean-reverting moves toward pin strike pre-expiry.', 'reason': 'Gamma/OI detected (340)'}, {'step': 4, 'description': 'Trade trend breakout post-expiry as dealer gamma flips/unwinds.', 'reason': 'Gamma/OI detected (340)'}]",31,4773,10.533333333333333
Gamma Pin / Dealer Magnet Edge,2024-08-02 10:34:00,4/4 conditions met: Gamma/OI detected (137); Gamma/OI detected (137); Gamma/OI detected (137),High (with data),4098.677800241603,Black Box / Microstructure,"Gamma, OI, Pin, Dealer, Expiry",4,triggered,4,"[{'step': 1, 'description': 'Download OI/gamma by strike for main asset (SPX, NQ, ES, etc.).', 'reason': 'Gamma/OI detected (137)'}, {'step': 2, 'description': 'Overlay strike OI on price/time chart.', 'reason': 'Gamma/OI detected (137)'}, {'step': 3, 'description': 'Fade mean-reverting moves toward pin strike pre-expiry.', 'reason': 'Gamma/OI detected (137)'}, {'step': 4, 'description': 'Trade trend breakout post-expiry as dealer gamma flips/unwinds.', 'reason': 'Gamma/OI detected (137)'}]",32,3570,10.566666666666666
Gamma Pin / Dealer Magnet Edge,2024-08-02 10:36:00,4/4 conditions met: Gamma/OI detected (357); Gamma/OI detected (357); Gamma/OI detected (357),High (with data),4098.360486962916,Black Box / Microstructure,"Gamma, OI, Pin, Dealer, Expiry",4,triggered,4,"[{'step': 1, 'description': 'Download OI/gamma by strike for main asset (SPX, NQ, ES, etc.).', 'reason': 'Gamma/OI detected (357)'}, {'step': 2, 'description': 'Overlay strike OI on price/time chart.', 'reason': 'Gamma/OI detected (357)'}, {'step': 3, 'description': 'Fade mean-reverting moves toward pin strike pre-expiry.', 'reason': 'Gamma/OI detected (357)'}, {'step': 4, 'description': 'Trade trend breakout post-expiry as dealer gamma flips/unwinds.', 'reason': 'Gamma/OI detected (357)'}]",33,7056,10.6
Gamma Pin / Dealer Magnet Edge,2024-08-02 10:38:00,4/4 conditions met: Gamma/OI detected (482); Gamma/OI detected (482); Gamma/OI detected (482),High (with data),4098.6072504365475,Black Box / Microstructure,"Gamma, OI, Pin, Dealer, Expiry",4,triggered,4,"[{'step': 1, 'description': 'Download OI/gamma by strike for main asset (SPX, NQ, ES, etc.).', 'reason': 'Gamma/OI detected (482)'}, {'step': 2, 'description': 'Overlay strike OI on price/time chart.', 'reason': 'Gamma/OI detected (482)'}, {'step': 3, 'description': 'Fade mean-reverting moves toward pin strike pre-expiry.', 'reason': 'Gamma/OI detected (482)'}, {'step': 4, 'description': 'Trade trend breakout post-expiry as dealer gamma flips/unwinds.', 'reason': 'Gamma/OI detected (482)'}]",34,7581,10.633333333333333
Gamma Pin / Dealer Magnet Edge,2024-08-02 10:40:00,4/4 conditions met: Gamma/OI detected (240); Gamma/OI detected (240); Gamma/OI detected (240),High (with data),4098.240997341556,Black Box / Microstructure,"Gamma, OI, Pin, Dealer, Expiry",4,triggered,4,"[{'step': 1, 'description': 'Download OI/gamma by strike for main asset (SPX, NQ, ES, etc.).', 'reason': 'Gamma/OI detected (240)'}, {'step': 2, 'description': 'Overlay strike OI on price/time chart.', 'reason': 'Gamma/OI detected (240)'}, {'step': 3, 'description': 'Fade mean-reverting moves toward pin strike pre-expiry.', 'reason': 'Gamma/OI detected (240)'}, {'step': 4, 'description': 'Trade trend breakout post-expiry as dealer gamma flips/unwinds.', 'reason': 'Gamma/OI detected (240)'}]",35,4690,10.666666666666666
Gamma Pin / Dealer Magnet Edge,2024-08-02 10:42:00,4/4 conditions met: Gamma/OI detected (199); Gamma/OI detected (199); Gamma/OI detected (199),High (with data),4098.303656420057,Black Box / Microstructure,"Gamma, OI, Pin, Dealer, Expiry",4,triggered,4,"[{'step': 1, 'description': 'Download OI/gamma by strike for main asset (SPX, NQ, ES, etc.).', 'reason': 'Gamma/OI detected (199)'}, {'step': 2, 'description': 'Overlay strike OI on price/time chart.', 'reason': 'Gamma/OI detected (199)'}, {'step': 3, 'description': 'Fade mean-reverting moves toward pin strike pre-expiry.', 'reason': 'Gamma/OI detected (199)'}, {'step': 4, 'description': 'Trade trend breakout post-expiry as dealer gamma flips/unwinds.', 'reason': 'Gamma/OI detected (199)'}]",36,5840,10.7
Gamma Pin / Dealer Magnet Edge,2024-08-02 10:44:00,4/4 conditions met: Gamma/OI detected (234); Gamma/OI detected (234); Gamma/OI detected (234),High (with data),4097.715755382894,Black Box / Microstructure,"Gamma, OI, Pin, Dealer, Expiry",4,triggered,4,"[{'step': 1, 'description': 'Download OI/gamma by strike for main asset (SPX, NQ, ES, etc.).', 'reason': 'Gamma/OI detected (234)'}, {'step': 2, 'description': 'Overlay strike OI on price/time chart.', 'reason': 'Gamma/OI detected (234)'}, {'step': 3, 'description': 'Fade mean-reverting moves toward pin strike pre-expiry.', 'reason': 'Gamma/OI detected (234)'}, {'step': 4, 'description': 'Trade trend breakout post-expiry as dealer gamma flips/unwinds.', 'reason': 'Gamma/OI detected (234)'}]",37,3028,10.733333333333333
Gamma Pin / Dealer Magnet Edge,2024-08-02 10:46:00,4/4 conditions met: Gamma/OI detected (394); Gamma/OI detected (394); Gamma/OI detected (394),High (with data),4097.317299568224,Black Box / Microstructure,"Gamma, OI, Pin, Dealer, Expiry",4,triggered,4,"[{'step': 1, 'description': 'Download OI/gamma by strike for main asset (SPX, NQ, ES, etc.).', 'reason': 'Gamma/OI detected (394)'}, {'step': 2, 'description': 'Overlay strike OI on price/time chart.', 'reason': 'Gamma/OI detected (394)'}, {'step': 3, 'description': 'Fade mean-reverting moves toward pin strike pre-expiry.', 'reason': 'Gamma/OI detected (394)'}, {'step': 4, 'description': 'Trade trend breakout post-expiry as dealer gamma flips/unwinds.', 'reason': 'Gamma/OI detected (394)'}]",38,2502,10.766666666666667
Gamma Pin / Dealer Magnet Edge,2024-08-02 10:48:00,4/4 conditions met: Gamma/OI detected (386); Gamma/OI detected (386); Gamma/OI detected (386),High (with data),4097.376357938985,Black Box / Microstructure,"Gamma, OI, Pin, Dealer, Expiry",4,triggered,4,"[{'step': 1, 'description': 'Download OI/gamma by strike for main asset (SPX, NQ, ES, etc.).', 'reason': 'Gamma/OI detected (386)'}, {'step': 2, 'description': 'Overlay strike OI on price/time chart.', 'reason': 'Gamma/OI detected (386)'}, {'step': 3, 'description': 'Fade mean-reverting moves toward pin strike pre-expiry.', 'reason': 'Gamma/OI detected (386)'}, {'step': 4, 'description': 'Trade trend breakout post-expiry as dealer gamma flips/unwinds.', 'reason': 'Gamma/OI detected (386)'}]",39,6493,10.8
Block Order Footprint Detection,2024-08-02 10:50:00,"4/4 conditions met: Large print/block detected (size: 0.0, vol: 15000); Volume/footprint activity (spike: True, clusters: 1); Gamma/OI detected (3000)",High,4097.597897912983,Black Box / Microstructure,"Block, Footprint, Breakout, Absorption",4,triggered,4,"[{'step': 1, 'description': 'Mark levels with persistent large prints and small net range.', 'reason': 'Large print/block detected (size: 0.0, vol: 15000)'}, {'step': 2, 'description': 'Enter on expansion after final absorption or “push.”', 'reason': 'Volume/footprint activity (spike: True, clusters: 1)'}, {'step': 3, 'description': 'Confirm direction with OI delta or footprint chart.', 'reason': 'Gamma/OI detected (3000)'}, {'step': 4, 'description': 'Exit at next liquidity node or risk level.', 'reason': 'Liquidity conditions met (proxy: 1830)'}]",40,15000,10.833333333333334
Dark Pool Signature / Block Print Node,2024-08-02 10:50:00,"3/4 conditions met: Large print/block detected (size: 0.0, vol: 15000); Volume/footprint activity (spike: True, clusters: 1); Large print/block detected (size: 0.0, vol: 15000)",High,4097.597897912983,Black Box / Microstructure,"Dark Pool, Block, VWAP, Tape",3,triggered,4,"[{'step': 1, 'description': 'Monitor time & sales for large prints off-market or odd-lot prints at key levels.', 'reason': 'Large print/block detected (size: 0.0, vol: 15000)'}, {'step': 2, 'description': 'Watch for volume surges with minimal visible size on Level 2.', 'reason': 'Volume/footprint activity (spike: True, clusters: 1)'}, {'step': 4, 'description': 'Log block prints and follow-through for pattern analysis.', 'reason': 'Large print/block detected (size: 0.0, vol: 15000)'}]",40,15000,10.833333333333334
Gamma Pin / Dealer Magnet Edge,2024-08-02 10:50:00,4/4 conditions met: Gamma/OI detected (3000); Gamma/OI detected (3000); Gamma/OI detected (3000),High (with data),4097.597897912983,Black Box / Microstructure,"Gamma, OI, Pin, Dealer, Expiry",4,triggered,4,"[{'step': 1, 'description': 'Download OI/gamma by strike for main asset (SPX, NQ, ES, etc.).', 'reason': 'Gamma/OI detected (3000)'}, {'step': 2, 'description': 'Overlay strike OI on price/time chart.', 'reason': 'Gamma/OI detected (3000)'}, {'step': 3, 'description': 'Fade mean-reverting moves toward pin strike pre-expiry.', 'reason': 'Gamma/OI detected (3000)'}, {'step': 4, 'description': 'Trade trend breakout post-expiry as dealer gamma flips/unwinds.', 'reason': 'Gamma/OI detected (3000)'}]",40,15000,10.833333333333334
Gamma Pin / Dealer Magnet Edge,2024-08-02 10:52:00,4/4 conditions met: Gamma/OI detected (455); Gamma/OI detected (455); Gamma/OI detected (455),High (with data),4097.64930839734,Black Box / Microstructure,"Gamma, OI, Pin, Dealer, Expiry",4,triggered,4,"[{'step': 1, 'description': 'Download OI/gamma by strike for main asset (SPX, NQ, ES, etc.).', 'reason': 'Gamma/OI detected (455)'}, {'step': 2, 'description': 'Overlay strike OI on price/time chart.', 'reason': 'Gamma/OI detected (455)'}, {'step': 3, 'description': 'Fade mean-reverting moves toward pin strike pre-expiry.', 'reason': 'Gamma/OI detected (455)'}, {'step': 4, 'description': 'Trade trend breakout post-expiry as dealer gamma flips/unwinds.', 'reason': 'Gamma/OI detected (455)'}]",41,6488,10.866666666666667
Gamma Pin / Dealer Magnet Edge,2024-08-02 10:54:00,4/4 conditions met: Gamma/OI detected (130); Gamma/OI detected (130); Gamma/OI detected (130),High (with data),4097.614613912624,Black Box / Microstructure,"Gamma, OI, Pin, Dealer, Expiry",4,triggered,4,"[{'step': 1, 'description': 'Download OI/gamma by strike for main asset (SPX, NQ, ES, etc.).', 'reason': 'Gamma/OI detected (130)'}, {'step': 2, 'description': 'Overlay strike OI on price/time chart.', 'reason': 'Gamma/OI detected (130)'}, {'step': 3, 'description': 'Fade mean-reverting moves toward pin strike pre-expiry.', 'reason': 'Gamma/OI detected (130)'}, {'step': 4, 'description': 'Trade trend breakout post-expiry as dealer gamma flips/unwinds.', 'reason': 'Gamma/OI detected (130)'}]",42,2206,10.9
Gamma Pin / Dealer Magnet Edge,2024-08-02 10:56:00,4/4 conditions met: Gamma/OI detected (125); Gamma/OI detected (125); Gamma/OI detected (125),High (with data),4097.524282803947,Black Box / Microstructure,"Gamma, OI, Pin, Dealer, Expiry",4,triggered,4,"[{'step': 1, 'description': 'Download OI/gamma by strike for main asset (SPX, NQ, ES, etc.).', 'reason': 'Gamma/OI detected (125)'}, {'step': 2, 'description': 'Overlay strike OI on price/time chart.', 'reason': 'Gamma/OI detected (125)'}, {'step': 3, 'description': 'Fade mean-reverting moves toward pin strike pre-expiry.', 'reason': 'Gamma/OI detected (125)'}, {'step': 4, 'description': 'Trade trend breakout post-expiry as dealer gamma flips/unwinds.', 'reason': 'Gamma/OI detected (125)'}]",43,7134,10.933333333333334
Gamma Pin / Dealer Magnet Edge,2024-08-02 10:58:00,4/4 conditions met: Gamma/OI detected (470); Gamma/OI detected (470); Gamma/OI detected (470),High (with data),4097.0807262068365,Black Box / Microstructure,"Gamma, OI, Pin, Dealer, Expiry",4,triggered,4,"[{'step': 1, 'description': 'Download OI/gamma by strike for main asset (SPX, NQ, ES, etc.).', 'reason': 'Gamma/OI detected (470)'}, {'step': 2, 'description': 'Overlay strike OI on price/time chart.', 'reason': 'Gamma/OI detected (470)'}, {'step': 3, 'description': 'Fade mean-reverting moves toward pin strike pre-expiry.', 'reason': 'Gamma/OI detected (470)'}, {'step': 4, 'description': 'Trade trend breakout post-expiry as dealer gamma flips/unwinds.', 'reason': 'Gamma/OI detected (470)'}]",44,7977,10.966666666666667
Gamma Pin / Dealer Magnet Edge,2024-08-02 11:00:00,4/4 conditions met: Gamma/OI detected (242); Gamma/OI detected (242); Gamma/OI detected (242),High (with data),4096.864772944318,Black Box / Microstructure,"Gamma, OI, Pin, Dealer, Expiry",4,triggered,4,"[{'step': 1, 'description': 'Download OI/gamma by strike for main asset (SPX, NQ, ES, etc.).', 'reason': 'Gamma/OI detected (242)'}, {'step': 2, 'description': 'Overlay strike OI on price/time chart.', 'reason': 'Gamma/OI detected (242)'}, {'step': 3, 'description': 'Fade mean-reverting moves toward pin strike pre-expiry.', 'reason': 'Gamma/OI detected (242)'}, {'step': 4, 'description': 'Trade trend breakout post-expiry as dealer gamma flips/unwinds.', 'reason': 'Gamma/OI detected (242)'}]",45,3484,11.0
Gamma Pin / Dealer Magnet Edge,2024-08-02 11:02:00,4/4 conditions met: Gamma/OI detected (268); Gamma/OI detected (268); Gamma/OI detected (268),High (with data),4096.726581313031,Black Box / Microstructure,"Gamma, OI, Pin, Dealer, Expiry",4,triggered,4,"[{'step': 1, 'description': 'Download OI/gamma by strike for main asset (SPX, NQ, ES, etc.).', 'reason': 'Gamma/OI detected (268)'}, {'step': 2, 'description': 'Overlay strike OI on price/time chart.', 'reason': 'Gamma/OI detected (268)'}, {'step': 3, 'description': 'Fade mean-reverting moves toward pin strike pre-expiry.', 'reason': 'Gamma/OI detected (268)'}, {'step': 4, 'description': 'Trade trend breakout post-expiry as dealer gamma flips/unwinds.', 'reason': 'Gamma/OI detected (268)'}]",46,2863,11.033333333333333
Gamma Pin / Dealer Magnet Edge,2024-08-02 11:04:00,4/4 conditions met: Gamma/OI detected (368); Gamma/OI detected (368); Gamma/OI detected (368),High (with data),4097.043717980896,Black Box / Microstructure,"Gamma, OI, Pin, Dealer, Expiry",4,triggered,4,"[{'step': 1, 'description': 'Download OI/gamma by strike for main asset (SPX, NQ, ES, etc.).', 'reason': 'Gamma/OI detected (368)'}, {'step': 2, 'description': 'Overlay strike OI on price/time chart.', 'reason': 'Gamma/OI detected (368)'}, {'step': 3, 'description': 'Fade mean-reverting moves toward pin strike pre-expiry.', 'reason': 'Gamma/OI detected (368)'}, {'step': 4, 'description': 'Trade trend breakout post-expiry as dealer gamma flips/unwinds.', 'reason': 'Gamma/OI detected (368)'}]",47,4790,11.066666666666666
Gamma Pin / Dealer Magnet Edge,2024-08-02 11:06:00,4/4 conditions met: Gamma/OI detected (207); Gamma/OI detected (207); Gamma/OI detected (207),High (with data),4097.146803467766,Black Box / Microstructure,"Gamma, OI, Pin, Dealer, Expiry",4,triggered,4,"[{'step': 1, 'description': 'Download OI/gamma by strike for main asset (SPX, NQ, ES, etc.).', 'reason': 'Gamma/OI detected (207)'}, {'step': 2, 'description': 'Overlay strike OI on price/time chart.', 'reason': 'Gamma/OI detected (207)'}, {'step': 3, 'description': 'Fade mean-reverting moves toward pin strike pre-expiry.', 'reason': 'Gamma/OI detected (207)'}, {'step': 4, 'description': 'Trade trend breakout post-expiry as dealer gamma flips/unwinds.', 'reason': 'Gamma/OI detected (207)'}]",48,2563,11.1
Gamma Pin / Dealer Magnet Edge,2024-08-02 11:08:00,4/4 conditions met: Gamma/OI detected (465); Gamma/OI detected (465); Gamma/OI detected (465),High (with data),4096.617891421158,Black Box / Microstructure,"Gamma, OI, Pin, Dealer, Expiry",4,triggered,4,"[{'step': 1, 'description': 'Download OI/gamma by strike for main asset (SPX, NQ, ES, etc.).', 'reason': 'Gamma/OI detected (465)'}, {'step': 2, 'description': 'Overlay strike OI on price/time chart.', 'reason': 'Gamma/OI detected (465)'}, {'step': 3, 'description': 'Fade mean-reverting moves toward pin strike pre-expiry.', 'reason': 'Gamma/OI detected (465)'}, {'step': 4, 'description': 'Trade trend breakout post-expiry as dealer gamma flips/unwinds.', 'reason': 'Gamma/OI detected (465)'}]",49,7116,11.133333333333333
